Marker,Jour,Mois,Année,Plongeur,Début - lat.,Début - long.,Fin - lat.,Fin - long.,Depth,Site,Transect,section,SEX,SIZE,Escape,Sa,Va,Du,Al,Co,Gr,Ca,type,commentaire,fond,
1,9,8,2012,Mcomeau,,,,,,FH,L1-T1,1,,,,,,,,,,,,,,
2,9,8,2012,Mcomeau,,,,,,FH,L1-T1,2,,,,,,,,,,,,,,
3,9,8,2012,Mcomeau,,,,,,FH,L1-T1,3,,,,,,,,,,,,,,
4,9,8,2012,Mcomeau,,,,,,FH,L1-T1,4,,,,,,,,,,,,,,
5,9,8,2012,Mcomeau,,,,,,FH,L1-T1,5,,,,,,,,,,,,,,
6,9,8,2012,Mcomeau,,,,,,FH,L1-T1,6,,,,,,,,,,,,,,
7,9,8,2012,Mcomeau,,,,,,FH,L1-T1,7,m,122,,,,,,,,,,,,
8,9,8,2012,Mcomeau,,,,,,FH,L1-T1,8,,,,,,,,,,,,,,
9,9,8,2012,Mcomeau,,,,,,FH,L1-T1,9,,,,,,,,,,,,,,
10,9,8,2012,Mcomeau,,,,,,FH,L1-T1,10,m,68,,,,,,,,,,,,
11,9,8,2012,Mcomeau,,,,,,FH,L1-T1,12,,,,,,,,,,,,,,
12,9,8,2012,Mcomeau,,,,,,FH,L1-T1,13,,,,,,,,,,,,,,
13,9,8,2012,Mcomeau,,,,,,FH,L1-T1,14,,,,,,,,,,,,,,
14,9,8,2012,Mcomeau,,,,,,FH,L1-T1,15,f,70,,,,,,,,,,,,
15,9,8,2012,Mcomeau,,,,,,FH,L1-T1,16,,,,,,,,,,,,,,
16,9,8,2012,Mcomeau,,,,,,FH,L1-T1,17,,,,,,,,,,,,,,
17,9,8,2012,Mcomeau,,,,,,FH,L1-T1,18,,,,,,,,,,,,,,
18,9,8,2012,Mcomeau,,,,,,FH,L1-T1,19,,,,,,,,,,,,,,
19,9,8,2012,Mcomeau,,,,,,FH,L1-T1,20,,,,,,,,,,,,,,
20,9,8,2012,Rdoucette,,,,,,FH,L1-T1,1,,,,,,,,,,,,,,
21,9,8,2012,Rdoucette,,,,,,FH,L1-T1,2,,,,,,,,,,,,,,
22,9,8,2012,Rdoucette,,,,,,FH,L1-T1,3,,,,,,,,,,,,,,
23,9,8,2012,Rdoucette,,,,,,FH,L1-T1,4,,,,,,,,,,,,,,
24,9,8,2012,Rdoucette,,,,,,FH,L1-T1,5,,,,,,,,,,,,,,
25,9,8,2012,Rdoucette,,,,,,FH,L1-T1,6,,,,,,,,,,,,,,
26,9,8,2012,Rdoucette,,,,,,FH,L1-T1,10,,,,,,,,,,,,,,
27,9,8,2012,Rdoucette,,,,,,FH,L1-T1,11,,,,,,,,,,,,,,
28,9,8,2012,Rdoucette,,,,,,FH,L1-T1,12,,,,,,,,,,,,,,
29,9,8,2012,Rdoucette,,,,,,FH,L1-T1,13,f,87,,,,,,,,,,,,
30,9,8,2012,Rdoucette,,,,,,FH,L1-T1,14,,,,,,,,,,,,,,
31,9,8,2012,Rdoucette,,,,,,FH,L1-T1,15,,,,,,,,,,,,,,
32,9,8,2012,Rdoucette,,,,,,FH,L1-T1,16,,,,,,,,,,,,,,
33,9,8,2012,Rdoucette,,,,,,FH,L1-T1,17,,,,,,,,,,,,,,
34,9,8,2012,Rdoucette,,,,,,FH,L1-T1,18,i,80,,,,,,,,,,,,
35,9,8,2012,Rdoucette,,,,,,FH,L1-T1,19,,,,,,,,,,,,,,
36,9,8,2012,Rdoucette,,,,,,FH,L1-T1,20,,,,,,,,,,,,,,
37,9,8,2012,Mcomeau,,,,,,FH,L3-T3,1,,,,,,,,,,,,,,
38,9,8,2012,Mcomeau,,,,,,FH,L3-T3,2,f,95,,,,,,,,,,,,
39,9,8,2012,Mcomeau,,,,,,FH,L3-T3,3,,,,,,,,,,,,,,
40,9,8,2012,Mcomeau,,,,,,FH,L3-T3,4,,,,,,,,,,,,,,
41,9,8,2012,Mcomeau,,,,,,FH,L3-T3,5,,,,,,,,,,,,,,
42,9,8,2012,Mcomeau,,,,,,FH,L3-T3,6,,,,,,,,,,,,,,
43,9,8,2012,Mcomeau,,,,,,FH,L3-T3,7,,,,,,,,,,,,,,
44,9,8,2012,Mcomeau,,,,,,FH,L3-T3,8,,,,,,,,,,,,,,
45,9,8,2012,Mcomeau,,,,,,FH,L3-T3,9,,,,,,,,,,,,,,
46,9,8,2012,Mcomeau,,,,,,FH,L3-T3,10,,,,,,,,,,,,,,
47,9,8,2012,Mcomeau,,,,,,FH,L3-T3,11,,,,,,,,,,,,,,
48,9,8,2012,Mcomeau,,,,,,FH,L3-T3,12,,,,,,,,,,,,,,
49,9,8,2012,Mcomeau,,,,,,FH,L3-T3,13,,,,,,,,,,,,,,
50,9,8,2012,Mcomeau,,,,,,FH,L3-T3,14,,,,,,,,,,,,,,
51,9,8,2012,Mcomeau,,,,,,FH,L3-T3,16,,,,,,,,,,,,,,
52,9,8,2012,Mcomeau,,,,,,FH,L3-T3,17,,,,,,,,,,,,,,
53,9,8,2012,Mcomeau,,,,,,FH,L3-T3,18,,,,,,,,,,,,,,
54,9,8,2012,Mcomeau,,,,,,FH,L3-T3,19,,,,,,,,,,,,,,
55,9,8,2012,Mcomeau,,,,,,FH,L3-T3,20,m,82,,,,,,,,,,,,
56,9,8,2012,Rdoucette,,,,,,FH,L3-T3,1,m,74,,,,,,,,,,,,
57,9,8,2012,Rdoucette,,,,,,FH,L3-T3,2,,,,,,,,,,,,,,
58,9,8,2012,Rdoucette,,,,,,FH,L3-T3,3,,,,,,,,,,,,,,
59,9,8,2012,Rdoucette,,,,,,FH,L3-T3,4,,,,,,,,,,,,,,
60,9,8,2012,Rdoucette,,,,,,FH,L3-T3,5,,,,,,,,,,,,,,
61,9,8,2012,Rdoucette,,,,,,FH,L3-T3,6,,,,,,,,,,,,,,
62,9,8,2012,Rdoucette,,,,,,FH,L3-T3,7,,,,,,,,,,,,,,
63,9,8,2012,Rdoucette,,,,,,FH,L3-T3,8,,,,,,,,,,,,,,
64,9,8,2012,Rdoucette,,,,,,FH,L3-T3,11,,,,,,,,,,,,,,
65,9,8,2012,Rdoucette,,,,,,FH,L3-T3,12,,,,,,,,,,,,,,
66,9,8,2012,Rdoucette,,,,,,FH,L3-T3,13,,,,,,,,,,,,,,
67,9,8,2012,Rdoucette,,,,,,FH,L3-T3,14,,,,,,,,,,,,,,
68,9,8,2012,Rdoucette,,,,,,FH,L3-T3,15,m,67,,,,,,,,,,,,
69,9,8,2012,Rdoucette,,,,,,FH,L3-T3,16,,,,,,,,,,,,,,
70,9,8,2012,Rdoucette,,,,,,FH,L3-T3,17,,,,,,,,,,,,,,
71,9,8,2012,Rdoucette,,,,,,FH,L3-T3,18,,,,,,,,,,,,,,
72,9,8,2012,Rdoucette,,,,,,FH,L3-T3,19,,,,,,,,,,,,,,
73,9,8,2012,Rdoucette,,,,,,FH,L3-T3,20,,,,,,,,,,,,,,
74,9,8,2012,Mcomeau,,,,,,FH,L4-T2,1,m,39,,,,,,,,,,,,
75,9,8,2012,Mcomeau,,,,,,FH,L4-T2,2,,,,,,,,,,,,,,
76,9,8,2012,Mcomeau,,,,,,FH,L4-T2,3,,,,,,,,,,,,,,
77,9,8,2012,Mcomeau,,,,,,FH,L4-T2,4,,,,,,,,,,,,,,
78,9,8,2012,Mcomeau,,,,,,FH,L4-T2,5,,,,,,,,,,,,,,
79,9,8,2012,Mcomeau,,,,,,FH,L4-T2,6,,,,,,,,,,,,,,
80,9,8,2012,Mcomeau,,,,,,FH,L4-T2,7,,,,,,,,,,,,,,
81,9,8,2012,Mcomeau,,,,,,FH,L4-T2,8,,,,,,,,,,,,,,
82,9,8,2012,Mcomeau,,,,,,FH,L4-T2,9,,,,,,,,,,,,,,
83,9,8,2012,Mcomeau,,,,,,FH,L4-T2,10,,,,,,,,,,,,,,
84,9,8,2012,Mcomeau,,,,,,FH,L4-T2,11,,,,,,,,,,,,,,
85,9,8,2012,Mcomeau,,,,,,FH,L4-T2,12,,,,,,,,,,,,,,
86,9,8,2012,Mcomeau,,,,,,FH,L4-T2,13,f,67,,,,,,,,,,,,
87,9,8,2012,Mcomeau,,,,,,FH,L4-T2,14,,,,,,,,,,,,,,
88,9,8,2012,Mcomeau,,,,,,FH,L4-T2,15,f,70,,,,,,,,,,,,
89,9,8,2012,Mcomeau,,,,,,FH,L4-T2,16,,,,,,,,,,,,,,
90,9,8,2012,Mcomeau,,,,,,FH,L4-T2,17,,,,,,,,,,,,,,
91,9,8,2012,Mcomeau,,,,,,FH,L4-T2,18,,,,,,,,,,,,,,
92,9,8,2012,Mcomeau,,,,,,FH,L4-T2,19,,,,,,,,,,,,,,
93,9,8,2012,Mcomeau,,,,,,FH,L4-T2,20,m,58,,,,,,,,,,,,
94,9,8,2012,Bcomeau,,,,,,FH,L4-T2,1,,,,,,,,,,,,,,
95,9,8,2012,Bcomeau,,,,,,FH,L4-T2,2,,,,,,,,,,,,,,
96,9,8,2012,Bcomeau,,,,,,FH,L4-T2,3,,,,,,,,,,,,,,
97,9,8,2012,Bcomeau,,,,,,FH,L4-T2,4,,,,,,,,,,,,,,
98,9,8,2012,Bcomeau,,,,,,FH,L4-T2,5,,,,,,,,,,,,,,
99,9,8,2012,Bcomeau,,,,,,FH,L4-T2,6,,,,,,,,,,,,,,
100,9,8,2012,Bcomeau,,,,,,FH,L4-T2,7,,,,,,,,,,,,,,
101,9,8,2012,Bcomeau,,,,,,FH,L4-T2,8,,,,,,,,,,,,,,
102,9,8,2012,Bcomeau,,,,,,FH,L4-T2,9,f,48,,,,,,,,,,,,
103,9,8,2012,Bcomeau,,,,,,FH,L4-T2,10,,,,,,,,,,,,,,
104,9,8,2012,Bcomeau,,,,,,FH,L4-T2,11,,,,,,,,,,,,,,
105,9,8,2012,Bcomeau,,,,,,FH,L4-T2,12,,,,,,,,,,,,,,
106,9,8,2012,Bcomeau,,,,,,FH,L4-T2,13,,,,,,,,,,,,,,
107,9,8,2012,Bcomeau,,,,,,FH,L4-T2,14,,,,,,,,,,,,,,
108,9,8,2012,Bcomeau,,,,,,FH,L4-T2,15,,,,,,,,,,,,,,
109,9,8,2012,Bcomeau,,,,,,FH,L4-T2,16,,,,,,,,,,,,,,
110,9,8,2012,Bcomeau,,,,,,FH,L4-T2,17,,,,,,,,,,,,,,
111,9,8,2012,Bcomeau,,,,,,FH,L4-T2,18,,,,,,,,,,,,,,
112,9,8,2012,Bcomeau,,,,,,FH,L4-T2,19,,,,,,,,,,,,,,
113,9,8,2012,Bcomeau,,,,,,FH,L4-T2,20,,,,,,,,,,,,,,
114,9,8,2012,Mcomeau,,,,,,FH,L4-T4,1,,,,,,,,,,,,,,
115,9,8,2012,Mcomeau,,,,,,FH,L4-T4,2,m,121,,,,,,,,,,,,
116,9,8,2012,Mcomeau,,,,,,FH,L4-T4,3,m,45,,,,,,,,,,,,
117,9,8,2012,Mcomeau,,,,,,FH,L4-T4,4,,,,,,,,,,,,,,
118,9,8,2012,Mcomeau,,,,,,FH,L4-T4,5,,,,,,,,,,,,,,
119,9,8,2012,Mcomeau,,,,,,FH,L4-T4,6,,,,,,,,,,,,,,
120,9,8,2012,Mcomeau,,,,,,FH,L4-T4,7,,,,,,,,,,,,,,
121,9,8,2012,Mcomeau,,,,,,FH,L4-T4,8,,,,,,,,,,,,,,
122,9,8,2012,Mcomeau,,,,,,FH,L4-T4,9,,,,,,,,,,,,,,
123,9,8,2012,Mcomeau,,,,,,FH,L4-T4,10,,,,,,,,,,,,,,
124,9,8,2012,Mcomeau,,,,,,FH,L4-T4,11,,,,,,,,,,,,,,
125,9,8,2012,Mcomeau,,,,,,FH,L4-T4,12,m,79,,,,,,,,,,,,
126,9,8,2012,Mcomeau,,,,,,FH,L4-T4,13,,,,,,,,,,,,,,
127,9,8,2012,Mcomeau,,,,,,FH,L4-T4,14,,,,,,,,,,,,,,
128,9,8,2012,Mcomeau,,,,,,FH,L4-T4,15,,,,,,,,,,,,,,
129,9,8,2012,Mcomeau,,,,,,FH,L4-T4,16,,,,,,,,,,,,,,
130,9,8,2012,Mcomeau,,,,,,FH,L4-T4,17,,,,,,,,,,,,,,
131,9,8,2012,Mcomeau,,,,,,FH,L4-T4,18,,,,,,,,,,,,,,
132,9,8,2012,Mcomeau,,,,,,FH,L4-T4,19,,,,,,,,,,,,,,
133,9,8,2012,Mcomeau,,,,,,FH,L4-T4,20,,,,,,,,,,,,,,
134,9,8,2012,Gpaulin,,,,,,FH,L4-T4,1,,,,,,,,,,,,,,
135,9,8,2012,Gpaulin,,,,,,FH,L4-T4,2,m,95,,,,,,,,,,,,
136,9,8,2012,Gpaulin,,,,,,FH,L4-T4,3,b,76,,,,,,,,,,,,
137,9,8,2012,Gpaulin,,,,,,FH,L4-T4,4,,,,,,,,,,,,,,
138,9,8,2012,Gpaulin,,,,,,FH,L4-T4,5,,,,,,,,,,,,,,
139,9,8,2012,Gpaulin,,,,,,FH,L4-T4,6,,,,,,,,,,,,,,
140,9,8,2012,Gpaulin,,,,,,FH,L4-T4,7,,,,,,,,,,,,,,
141,9,8,2012,Gpaulin,,,,,,FH,L4-T4,8,,,,,,,,,,,,,,
142,9,8,2012,Gpaulin,,,,,,FH,L4-T4,9,,,,,,,,,,,,,,
143,9,8,2012,Gpaulin,,,,,,FH,L4-T4,10,,,,,,,,,,,,,,
144,9,8,2012,Gpaulin,,,,,,FH,L4-T4,11,,,,,,,,,,,,,,
145,9,8,2012,Gpaulin,,,,,,FH,L4-T4,12,,,,,,,,,,,,,,
146,9,8,2012,Gpaulin,,,,,,FH,L4-T4,13,,,,,,,,,,,,,,
147,9,8,2012,Gpaulin,,,,,,FH,L4-T4,14,,,,,,,,,,,,,,
148,9,8,2012,Gpaulin,,,,,,FH,L4-T4,15,,,,,,,,,,,,,,
149,9,8,2012,Gpaulin,,,,,,FH,L4-T4,16,,,,,,,,,,,,,,
150,9,8,2012,Gpaulin,,,,,,FH,L4-T4,17,,,,,,,,,,,,,,
151,9,8,2012,Gpaulin,,,,,,FH,L4-T4,18,m,52,,,,,,,,,,,,
152,9,8,2012,Gpaulin,,,,,,FH,L4-T4,19,,,,,,,,,,,,,,
153,9,8,2012,Gpaulin,,,,,,FH,L4-T4,20,,,,,,,,,,,,,,
154,9,8,2012,Mcomeau,,,,,,FH,R5-T2,7,,,,,,,,,,,,,,
155,9,8,2012,Mcomeau,,,,,,FH,R5-T2,8,,,,,,,,,,,,,,
156,9,8,2012,Mcomeau,,,,,,FH,R5-T2,9,,,,,,,,,,,,,,
157,9,8,2012,Mcomeau,,,,,,FH,R5-T2,10,,,,,,,,,,,,,,
158,9,8,2012,Mcomeau,,,,,,FH,R5-T2,11,,,,,,,,,,,,,,
159,9,8,2012,Mcomeau,,,,,,FH,R5-T2,12,,,,,,,,,,,,,,
160,9,8,2012,Mcomeau,,,,,,FH,R5-T2,13,,,,,,,,,,,,,,
161,9,8,2012,Mcomeau,,,,,,FH,R5-T2,14,,,,,,,,,,,,,,
162,9,8,2012,Mcomeau,,,,,,FH,R5-T2,15,,,,,,,,,,,,,,
163,9,8,2012,Mcomeau,,,,,,FH,R5-T2,16,,,,,,,,,,,,,,
164,9,8,2012,Mcomeau,,,,,,FH,R5-T2,17,,,,,,,,,,,,,,
165,9,8,2012,Mcomeau,,,,,,FH,R5-T2,18,,,,,,,,,,,,,,
166,9,8,2012,Mcomeau,,,,,,FH,R5-T2,19,,,,,,,,,,,,,,
167,9,8,2012,Mcomeau,,,,,,FH,R5-T2,20,,,,,,,,,,,,,,
168,9,8,2012,Gpaulin,,,,,,FH,R5-T2,1,,,,,,,,,,,,,,
169,9,8,2012,Gpaulin,,,,,,FH,R5-T2,2,,,,,,,,,,,,,,
170,9,8,2012,Gpaulin,,,,,,FH,R5-T2,3,,,,,,,,,,,,,,
171,9,8,2012,Gpaulin,,,,,,FH,R5-T2,4,,,,,,,,,,,,,,
172,9,8,2012,Gpaulin,,,,,,FH,R5-T2,5,,,,,,,,,,,,,,
173,9,8,2012,Gpaulin,,,,,,FH,R5-T2,6,,,,,,,,,,,,,,
174,9,8,2012,Gpaulin,,,,,,FH,R5-T2,7,,,,,,,,,,,,,,
175,9,8,2012,Gpaulin,,,,,,FH,R5-T2,8,,,,,,,,,,,,,,
176,9,8,2012,Gpaulin,,,,,,FH,R5-T2,9,,,,,,,,,,,,,,
177,9,8,2012,Gpaulin,,,,,,FH,R5-T2,10,,,,,,,,,,,,,,
178,9,8,2012,Gpaulin,,,,,,FH,R5-T2,11,,,,,,,,,,,,,,
179,9,8,2012,Gpaulin,,,,,,FH,R5-T2,12,,,,,,,,,,,,,,
180,9,8,2012,Gpaulin,,,,,,FH,R5-T2,13,,,,,,,,,,,,,,
181,9,8,2012,Gpaulin,,,,,,FH,R5-T2,14,,,,,,,,,,,,,,
182,9,8,2012,Gpaulin,,,,,,FH,R5-T2,15,,,,,,,,,,,,,,
183,9,8,2012,Gpaulin,,,,,,FH,R5-T2,16,,,,,,,,,,,,,,
184,9,8,2012,Gpaulin,,,,,,FH,R5-T2,17,,,,,,,,,,,,,,
185,9,8,2012,Gpaulin,,,,,,FH,R5-T2,18,,,,,,,,,,,,,,
186,9,8,2012,Gpaulin,,,,,,FH,R5-T2,19,,,,,,,,,,,,,,
187,9,8,2012,Gpaulin,,,,,,FH,R5-T2,20,,,,,,,,,,,,,,
188,25,6,2013,Mcomeau,,,,,,FH,L1-T1,1,,,,,,,,,,,,,,
189,25,6,2013,Mcomeau,,,,,,FH,L1-T1,2,,,,,,,,,,,,,,
190,25,6,2013,Mcomeau,,,,,,FH,L1-T1,3,,,,,,,,,,,,,,
191,25,6,2013,Mcomeau,,,,,,FH,L1-T1,4,,,,,,,,,,,,,,
192,25,6,2013,Mcomeau,,,,,,FH,L1-T1,5,,,,,,,,,,,,,,
193,25,6,2013,Mcomeau,,,,,,FH,L1-T1,6,,,,,,,,,,,,,,
194,25,6,2013,Mcomeau,,,,,,FH,L1-T1,7,,,,,,,,,,,,,,
195,25,6,2013,Mcomeau,,,,,,FH,L1-T1,8,f,83,,,,,,,,,,,,
196,25,6,2013,Mcomeau,,,,,,FH,L1-T1,9,,,,,,,,,,,,,,
197,25,6,2013,Mcomeau,,,,,,FH,L1-T1,10,,,,,,,,,,,,,,
198,25,6,2013,Mcomeau,,,,,,FH,L1-T1,11,,,,,,,,,,,,,,
199,25,6,2013,Mcomeau,,,,,,FH,L1-T1,12,,,,,,,,,,,,,,
200,25,6,2013,Mcomeau,,,,,,FH,L1-T1,13,,,,,,,,,,,,,,
201,25,6,2013,Mcomeau,,,,,,FH,L1-T1,14,,,,,,,,,,,,,,
202,25,6,2013,Mcomeau,,,,,,FH,L1-T1,15,,,,,,,,,,,,,,
203,25,6,2013,Mcomeau,,,,,,FH,L1-T1,16,,,,,,,,,,,,,,
204,25,6,2013,Mcomeau,,,,,,FH,L1-T1,17,,,,,,,,,,,,,,
205,25,6,2013,Mcomeau,,,,,,FH,L1-T1,18,,,,,,,,,,,,,,
206,25,6,2013,Mcomeau,,,,,,FH,L1-T1,19,b3,108,,,,,,,,,,,,
207,25,6,2013,Mcomeau,,,,,,FH,L1-T1,20,,,,,,,,,,,,,,
208,25,6,2013,Bcomeau,,,,,,FH,L1-T1,1,f,34,,,,,,,,,,,,
209,25,6,2013,Bcomeau,,,,,,FH,L1-T1,2,,,,,,,,,,,,,,
210,25,6,2013,Bcomeau,,,,,,FH,L1-T1,3,,,,,,,,,,,,,,
211,25,6,2013,Bcomeau,,,,,,FH,L1-T1,4,,,,,,,,,,,,,,
212,25,6,2013,Bcomeau,,,,,,FH,L1-T1,5,,,,,,,,,,,,,,
213,25,6,2013,Bcomeau,,,,,,FH,L1-T1,6,,,,,,,,,,,,,,
214,25,6,2013,Bcomeau,,,,,,FH,L1-T1,7,,,,,,,,,,,,,,
215,25,6,2013,Bcomeau,,,,,,FH,L1-T1,8,,,,,,,,,,,,,,
216,25,6,2013,Bcomeau,,,,,,FH,L1-T1,9,,,,,,,,,,,,,,
217,25,6,2013,Bcomeau,,,,,,FH,L1-T1,10,,,,,,,,,,,,,,
218,25,6,2013,Bcomeau,,,,,,FH,L1-T1,11,,,,,,,,,,,,,,
219,25,6,2013,Bcomeau,,,,,,FH,L1-T1,12,,,,,,,,,,,,,,
220,25,6,2013,Bcomeau,,,,,,FH,L1-T1,13,,,,,,,,,,,,,,
221,25,6,2013,Bcomeau,,,,,,FH,L1-T1,14,,,,,,,,,,,,,,
222,25,6,2013,Bcomeau,,,,,,FH,L1-T1,15,,,,,,,,,,,,,,
223,25,6,2013,Bcomeau,,,,,,FH,L1-T1,16,,,,,,,,,,,,,,
224,25,6,2013,Bcomeau,,,,,,FH,L1-T1,17,,,,,,,,,,,,,,
225,25,6,2013,Bcomeau,,,,,,FH,L1-T1,18,,,,,,,,,,,,,,
226,25,6,2013,Bcomeau,,,,,,FH,L1-T1,19,,,,,,,,,,,,,,
227,25,6,2013,Bcomeau,,,,,,FH,L1-T1,20,,,,,,,,,,,,,,
228,25,6,2013,Bcomeau,,,,,,FH,L3-T3,1,,,,,,,,,,,,,,
229,25,6,2013,Bcomeau,,,,,,FH,L3-T3,2,,,,,,,,,,,,,,
230,25,6,2013,Bcomeau,,,,,,FH,L3-T3,3,,,,,,,,,,,,,,
231,25,6,2013,Bcomeau,,,,,,FH,L3-T3,4,,,,,,,,,,,,,,
232,25,6,2013,Bcomeau,,,,,,FH,L3-T3,5,,,,,,,,,,,,,,
233,25,6,2013,Bcomeau,,,,,,FH,L3-T3,6,,,,,,,,,,,,,,
234,25,6,2013,Bcomeau,,,,,,FH,L3-T3,7,m,71,,,,,,,,,,,,
235,25,6,2013,Bcomeau,,,,,,FH,L3-T3,8,,,,,,,,,,,,,,
236,25,6,2013,Bcomeau,,,,,,FH,L3-T3,9,,,,,,,,,,,,,,
237,25,6,2013,Bcomeau,,,,,,FH,L3-T3,10,,,,,,,,,,,,,,
238,25,6,2013,Bcomeau,,,,,,FH,L3-T3,11,,,,,,,,,,,,,,
239,25,6,2013,Bcomeau,,,,,,FH,L3-T3,12,,,,,,,,,,,,,,
240,25,6,2013,Bcomeau,,,,,,FH,L3-T3,13,,,,,,,,,,,,,,
241,25,6,2013,Bcomeau,,,,,,FH,L3-T3,14,,,,,,,,,,,,,,
242,25,6,2013,Bcomeau,,,,,,FH,L3-T3,15,,,,,,,,,,,,,,
243,25,6,2013,Bcomeau,,,,,,FH,L3-T3,16,,,,,,,,,,,,,,
244,25,6,2013,Bcomeau,,,,,,FH,L3-T3,17,i,65,,,,,,,,,,,,
245,25,6,2013,Bcomeau,,,,,,FH,L3-T3,18,,,,,,,,,,,,,,
246,25,6,2013,Bcomeau,,,,,,FH,L3-T3,19,,,,,,,,,,,,,,
247,25,6,2013,Bcomeau,,,,,,FH,L3-T3,20,m,76,,,,,,,,,,,,
248,25,6,2013,Mcomeau,,,,,,FH,L3-T3,1,,,,,,,,,,,,,,
249,25,6,2013,Mcomeau,,,,,,FH,L3-T3,2,,,,,,,,,,,,,,
250,25,6,2013,Mcomeau,,,,,,FH,L3-T3,3,,,,,,,,,,,,,,
251,25,6,2013,Mcomeau,,,,,,FH,L3-T3,4,,,,,,,,,,,,,,
252,25,6,2013,Mcomeau,,,,,,FH,L3-T3,5,m,72,,,,,,,,,,,,
253,25,6,2013,Mcomeau,,,,,,FH,L3-T3,6,,,,,,,,,,,,,,
254,25,6,2013,Mcomeau,,,,,,FH,L3-T3,7,b3,79,,,,,,,,,,,,
255,25,6,2013,Mcomeau,,,,,,FH,L3-T3,8,f,70,,,,,,,,,,,,
256,25,6,2013,Mcomeau,,,,,,FH,L3-T3,9,,,,,,,,,,,,,,
257,25,6,2013,Mcomeau,,,,,,FH,L3-T3,10,,,,,,,,,,,,,,
258,25,6,2013,Mcomeau,,,,,,FH,L3-T3,11,,,,,,,,,,,,,,
259,25,6,2013,Mcomeau,,,,,,FH,L3-T3,12,,,,,,,,,,,,,,
260,25,6,2013,Mcomeau,,,,,,FH,L3-T3,13,,,,,,,,,,,,,,
261,25,6,2013,Mcomeau,,,,,,FH,L3-T3,14,,,,,,,,,,,,,,
262,25,6,2013,Mcomeau,,,,,,FH,L3-T3,15,,,,,,,,,,,,,,
263,25,6,2013,Mcomeau,,,,,,FH,L3-T3,16,,,,,,,,,,,,,,
264,25,6,2013,Mcomeau,,,,,,FH,L3-T3,17,m,66,,,,,,,,,,,,
265,25,6,2013,Mcomeau,,,,,,FH,L3-T3,18,m,71,,,,,,,,,,,,
266,25,6,2013,Mcomeau,,,,,,FH,L3-T3,19,,,,,,,,,,,,,,
267,25,6,2013,Mcomeau,,,,,,FH,L3-T3,20,f,82,,,,,,,,,,,,
268,25,6,2013,Rdoucette,,,,,,FH,L1-T2,1,,,,,,,,,,,,,,
269,25,6,2013,Rdoucette,,,,,,FH,L1-T2,2,,,,,,,,,,,,,,
270,25,6,2013,Rdoucette,,,,,,FH,L1-T2,3,,,,,,,,,,,,,,
271,25,6,2013,Rdoucette,,,,,,FH,L1-T2,4,i,110,,,,,,,,,,,,
272,25,6,2013,Rdoucette,,,,,,FH,L1-T2,5,,,,,,,,,,,,,,
273,25,6,2013,Rdoucette,,,,,,FH,L1-T2,6,,,,,,,,,,,,,,
274,25,6,2013,Rdoucette,,,,,,FH,L1-T2,7,,,,,,,,,,,,,,
275,25,6,2013,Rdoucette,,,,,,FH,L1-T2,8,,,,,,,,,,,,,,
276,25,6,2013,Rdoucette,,,,,,FH,L1-T2,9,,,,,,,,,,,,,,
277,25,6,2013,Rdoucette,,,,,,FH,L1-T2,10,,,,,,,,,,,,,,
278,25,6,2013,Rdoucette,,,,,,FH,L1-T2,11,,,,,,,,,,,,,,
279,25,6,2013,Rdoucette,,,,,,FH,L1-T2,12,,,,,,,,,,,,,,
280,25,6,2013,Rdoucette,,,,,,FH,L1-T2,13,,,,,,,,,,,,,,
281,25,6,2013,Rdoucette,,,,,,FH,L1-T2,14,,,,,,,,,,,,,,
282,25,6,2013,Rdoucette,,,,,,FH,L1-T2,15,,,,,,,,,,,,,,
283,25,6,2013,Rdoucette,,,,,,FH,L1-T2,16,,,,,,,,,,,,,,
284,25,6,2013,Rdoucette,,,,,,FH,L1-T2,17,,,,,,,,,,,,,,
285,25,6,2013,Rdoucette,,,,,,FH,L1-T2,18,,,,,,,,,,,,,,
286,25,6,2013,Rdoucette,,,,,,FH,L1-T2,19,,,,,,,,,,,,,,
287,25,6,2013,Rdoucette,,,,,,FH,L1-T2,20,,,,,,,,,,,,,,
288,25,6,2013,Dgiard,,,,,,FH,L1-T2,1,,,,,,,,,,,,,,
289,25,6,2013,Dgiard,,,,,,FH,L1-T2,2,,,,,,,,,,,,,,
290,25,6,2013,Dgiard,,,,,,FH,L1-T2,3,m,74,,,,,,,,,,,,
291,25,6,2013,Dgiard,,,,,,FH,L1-T2,4,,,,,,,,,,,,,,
292,25,6,2013,Dgiard,,,,,,FH,L1-T2,5,,,,,,,,,,,,,,
293,25,6,2013,Dgiard,,,,,,FH,L1-T2,6,,,,,,,,,,,,,,
294,25,6,2013,Dgiard,,,,,,FH,L1-T2,7,,,,,,,,,,,,,,
295,25,6,2013,Dgiard,,,,,,FH,L1-T2,8,,,,,,,,,,,,,,
296,25,6,2013,Dgiard,,,,,,FH,L1-T2,9,,,,,,,,,,,,,,
297,25,6,2013,Dgiard,,,,,,FH,L1-T2,10,,,,,,,,,,,,,,
298,25,6,2013,Dgiard,,,,,,FH,L1-T2,11,,,,,,,,,,,,,,
299,25,6,2013,Dgiard,,,,,,FH,L1-T2,12,,,,,,,,,,,,,,
300,25,6,2013,Dgiard,,,,,,FH,L1-T2,13,,,,,,,,,,,,,,
301,25,6,2013,Dgiard,,,,,,FH,L1-T2,14,,,,,,,,,,,,,,
302,25,6,2013,Dgiard,,,,,,FH,L1-T2,15,,,,,,,,,,,,,,
303,25,6,2013,Dgiard,,,,,,FH,L1-T2,16,,,,,,,,,,,,,,
304,25,6,2013,Dgiard,,,,,,FH,L1-T2,17,m,111,,,,,,,,,,,,
305,25,6,2013,Dgiard,,,,,,FH,L1-T2,18,,,,,,,,,,,,,,
306,25,6,2013,Dgiard,,,,,,FH,L1-T2,19,,,,,,,,,,,,,,
307,25,6,2013,Dgiard,,,,,,FH,L1-T2,20,,,,,,,,,,,,,,
308,25,6,2013,Dgiard,,,,,,FH,L3-T5,1,,,,,,,,,,,,,,
309,25,6,2013,Dgiard,,,,,,FH,L3-T5,2,,,,,,,,,,,,,,
310,25,6,2013,Dgiard,,,,,,FH,L3-T5,3,,,,,,,,,,,,,,
311,25,6,2013,Dgiard,,,,,,FH,L3-T5,4,,,,,,,,,,,,,,
312,25,6,2013,Dgiard,,,,,,FH,L3-T5,5,,,,,,,,,,,,,,
313,25,6,2013,Dgiard,,,,,,FH,L3-T5,6,,,,,,,,,,,,,,
314,25,6,2013,Dgiard,,,,,,FH,L3-T5,7,,,,,,,,,,,,,,
315,25,6,2013,Dgiard,,,,,,FH,L3-T5,8,,,,,,,,,,,,,,
316,25,6,2013,Dgiard,,,,,,FH,L3-T5,9,,,,,,,,,,,,,,
317,25,6,2013,Dgiard,,,,,,FH,L3-T5,10,,,,,,,,,,,,,,
318,25,6,2013,Dgiard,,,,,,FH,L3-T5,11,,,,,,,,,,,,,,
319,25,6,2013,Dgiard,,,,,,FH,L3-T5,12,,,,,,,,,,,,,,
320,25,6,2013,Dgiard,,,,,,FH,L3-T5,13,,,,,,,,,,,,,,
321,25,6,2013,Dgiard,,,,,,FH,L3-T5,14,f,80,,,,,,,,,,,,
322,25,6,2013,Dgiard,,,,,,FH,L3-T5,15,,,,,,,,,,,,,,
323,25,6,2013,Dgiard,,,,,,FH,L3-T5,16,,,,,,,,,,,,,,
324,25,6,2013,Dgiard,,,,,,FH,L3-T5,17,i,130,,,,,,,,,,,,
325,25,6,2013,Dgiard,,,,,,FH,L3-T5,18,,,,,,,,,,,,,,
326,25,6,2013,Dgiard,,,,,,FH,L3-T5,19,m,120,,,,,,,,,,,,
327,25,6,2013,Dgiard,,,,,,FH,L3-T5,20,,,,,,,,,,,,,,
328,25,6,2013,Rdoucette,,,,,,FH,L3-T5,1,,,,,,,,,,,,,,
329,25,6,2013,Rdoucette,,,,,,FH,L3-T5,2,,,,,,,,,,,,,,
330,25,6,2013,Rdoucette,,,,,,FH,L3-T5,3,,,,,,,,,,,,,,
331,25,6,2013,Rdoucette,,,,,,FH,L3-T5,4,,,,,,,,,,,,,,
332,25,6,2013,Rdoucette,,,,,,FH,L3-T5,5,,,,,,,,,,,,,,
333,25,6,2013,Rdoucette,,,,,,FH,L3-T5,6,,,,,,,,,,,,,,
334,25,6,2013,Rdoucette,,,,,,FH,L3-T5,7,m,130,,,,,,,,,,,,
335,25,6,2013,Rdoucette,,,,,,FH,L3-T5,8,,,,,,,,,,,,,,
336,25,6,2013,Rdoucette,,,,,,FH,L3-T5,9,,,,,,,,,,,,,,
337,25,6,2013,Rdoucette,,,,,,FH,L3-T5,10,,,,,,,,,,,,,,
338,25,6,2013,Rdoucette,,,,,,FH,L3-T5,11,,,,,,,,,,,,,,
339,25,6,2013,Rdoucette,,,,,,FH,L3-T5,12,,,,,,,,,,,,,,
340,25,6,2013,Rdoucette,,,,,,FH,L3-T5,13,,,,,,,,,,,,,,
341,25,6,2013,Rdoucette,,,,,,FH,L3-T5,14,,,,,,,,,,,,,,
342,25,6,2013,Rdoucette,,,,,,FH,L3-T5,15,,,,,,,,,,,,,,
343,25,6,2013,Rdoucette,,,,,,FH,L3-T5,16,,,,,,,,,,,,,,
344,25,6,2013,Rdoucette,,,,,,FH,L3-T5,17,,,,,,,,,,,,,,
345,25,6,2013,Rdoucette,,,,,,FH,L3-T5,18,,,,,,,,,,,,,,
346,25,6,2013,Rdoucette,,,,,,FH,L3-T5,19,,,,,,,,,,,,,,
347,25,6,2013,Rdoucette,,,,,,FH,L3-T5,20,,,,,,,,,,,,,,
348,25,6,2013,Bcomeau,,,,,,FH,L4-T2,1,,,,,,,,,,,,,,
349,25,6,2013,Bcomeau,,,,,,FH,L4-T2,2,,,,,,,,,,,,,,
350,25,6,2013,Bcomeau,,,,,,FH,L4-T2,3,,,,,,,,,,,,,,
351,25,6,2013,Bcomeau,,,,,,FH,L4-T2,4,,,,,,,,,,,,,,
352,25,6,2013,Bcomeau,,,,,,FH,L4-T2,5,,,,,,,,,,,,,,
353,25,6,2013,Bcomeau,,,,,,FH,L4-T2,6,,,,,,,,,,,,,,
354,25,6,2013,Bcomeau,,,,,,FH,L4-T2,7,,,,,,,,,,,,,,
355,25,6,2013,Bcomeau,,,,,,FH,L4-T2,8,,,,,,,,,,,,,,
356,25,6,2013,Bcomeau,,,,,,FH,L4-T2,9,,,,,,,,,,,,,,
357,25,6,2013,Bcomeau,,,,,,FH,L4-T2,10,,,,,,,,,,,,,,
358,25,6,2013,Bcomeau,,,,,,FH,L4-T2,11,,,,,,,,,,,,,,
359,25,6,2013,Bcomeau,,,,,,FH,L4-T2,12,,,,,,,,,,,,,,
360,25,6,2013,Bcomeau,,,,,,FH,L4-T2,13,,,,,,,,,,,,,,
361,25,6,2013,Bcomeau,,,,,,FH,L4-T2,14,,,,,,,,,,,,,,
362,25,6,2013,Bcomeau,,,,,,FH,L4-T2,15,,,,,,,,,,,,,,
363,25,6,2013,Bcomeau,,,,,,FH,L4-T2,16,,,,,,,,,,,,,,
364,25,6,2013,Bcomeau,,,,,,FH,L4-T2,17,,,,,,,,,,,,,,
365,25,6,2013,Bcomeau,,,,,,FH,L4-T2,18,,,,,,,,,,,,,,
366,25,6,2013,Bcomeau,,,,,,FH,L4-T2,19,,,,,,,,,,,,,,
367,25,6,2013,Bcomeau,,,,,,FH,L4-T2,20,,,,,,,,,,,,,,
368,25,6,2013,Mcomeau,,,,,,FH,L4-T2,1,,,,,,,,,,,,,,
369,25,6,2013,Mcomeau,,,,,,FH,L4-T2,2,,,,,,,,,,,,,,
370,25,6,2013,Mcomeau,,,,,,FH,L4-T2,3,,,,,,,,,,,,,,
371,25,6,2013,Mcomeau,,,,,,FH,L4-T2,4,b3,80,,,,,,,,,,,,
372,25,6,2013,Mcomeau,,,,,,FH,L4-T2,5,,,,,,,,,,,,,,
373,25,6,2013,Mcomeau,,,,,,FH,L4-T2,6,,,,,,,,,,,,,,
374,25,6,2013,Mcomeau,,,,,,FH,L4-T2,7,,,,,,,,,,,,,,
375,25,6,2013,Mcomeau,,,,,,FH,L4-T2,8,,,,,,,,,,,,,,
376,25,6,2013,Mcomeau,,,,,,FH,L4-T2,9,,,,,,,,,,,,,,
377,25,6,2013,Mcomeau,,,,,,FH,L4-T2,10,,,,,,,,,,,,,,
378,25,6,2013,Mcomeau,,,,,,FH,L4-T2,11,,,,,,,,,,,,,,
379,25,6,2013,Mcomeau,,,,,,FH,L4-T2,12,,,,,,,,,,,,,,
380,25,6,2013,Mcomeau,,,,,,FH,L4-T2,13,,,,,,,,,,,,,,
381,25,6,2013,Mcomeau,,,,,,FH,L4-T2,14,,,,,,,,,,,,,,
382,25,6,2013,Mcomeau,,,,,,FH,L4-T2,15,,,,,,,,,,,,,,
383,25,6,2013,Mcomeau,,,,,,FH,L4-T2,16,f,67,,,,,,,,,,,,
384,25,6,2013,Mcomeau,,,,,,FH,L4-T2,16,m,146,,,,,,,,,,,,
385,25,6,2013,Mcomeau,,,,,,FH,L4-T2,17,,,,,,,,,,,,,,
386,25,6,2013,Mcomeau,,,,,,FH,L4-T2,18,,,,,,,,,,,,,,
387,25,6,2013,Mcomeau,,,,,,FH,L4-T2,19,,,,,,,,,,,,,,
388,25,6,2013,Mcomeau,,,,,,FH,L4-T2,20,,,,,,,,,,,,,,
389,25,6,2013,Rdoucette,,,,,,FH,L4-T4,1,,,,,,,,,,,,,,
390,25,6,2013,Rdoucette,,,,,,FH,L4-T4,2,,,,,,,,,,,,,,
391,25,6,2013,Rdoucette,,,,,,FH,L4-T4,3,,,,,,,,,,,,,,
392,25,6,2013,Rdoucette,,,,,,FH,L4-T4,4,,,,,,,,,,,,,,
393,25,6,2013,Rdoucette,,,,,,FH,L4-T4,5,,,,,,,,,,,,,,
394,25,6,2013,Rdoucette,,,,,,FH,L4-T4,6,,,,,,,,,,,,,,
395,25,6,2013,Rdoucette,,,,,,FH,L4-T4,7,m,48,,,,,,,,,,,,
396,25,6,2013,Rdoucette,,,,,,FH,L4-T4,8,,,,,,,,,,,,,,
397,25,6,2013,Rdoucette,,,,,,FH,L4-T4,9,,,,,,,,,,,,,,
398,25,6,2013,Rdoucette,,,,,,FH,L4-T4,10,,,,,,,,,,,,,,
399,25,6,2013,Rdoucette,,,,,,FH,L4-T4,11,,,,,,,,,,,,,,
400,25,6,2013,Rdoucette,,,,,,FH,L4-T4,12,,,,,,,,,,,,,,
401,25,6,2013,Rdoucette,,,,,,FH,L4-T4,13,,,,,,,,,,,,,,
402,25,6,2013,Rdoucette,,,,,,FH,L4-T4,14,,,,,,,,,,,,,,
403,25,6,2013,Rdoucette,,,,,,FH,L4-T4,15,,,,,,,,,,,,,,
404,25,6,2013,Rdoucette,,,,,,FH,L4-T4,16,,,,,,,,,,,,,,
405,25,6,2013,Rdoucette,,,,,,FH,L4-T4,17,,,,,,,,,,,,,,
406,25,6,2013,Rdoucette,,,,,,FH,L4-T4,18,,,,,,,,,,,,,,
407,25,6,2013,Rdoucette,,,,,,FH,L4-T4,19,,,,,,,,,,,,,,
408,25,6,2013,Rdoucette,,,,,,FH,L4-T4,20,,,,,,,,,,,,,,
409,25,6,2013,Dgiard,,,,,,FH,L4-T4,1,,,,,,,,,,,,,,
410,25,6,2013,Dgiard,,,,,,FH,L4-T4,2,,,,,,,,,,,,,,
411,25,6,2013,Dgiard,,,,,,FH,L4-T4,3,m,76,,,,,,,,,,,,
412,25,6,2013,Dgiard,,,,,,FH,L4-T4,3,b,82,,,,,,,,,,,,
413,25,6,2013,Dgiard,,,,,,FH,L4-T4,4,,,,,,,,,,,,,,
414,25,6,2013,Dgiard,,,,,,FH,L4-T4,5,,,,,,,,,,,,,,
415,25,6,2013,Dgiard,,,,,,FH,L4-T4,6,,,,,,,,,,,,,,
416,25,6,2013,Dgiard,,,,,,FH,L4-T4,7,,,,,,,,,,,,,,
417,25,6,2013,Dgiard,,,,,,FH,L4-T4,8,,,,,,,,,,,,,,
418,25,6,2013,Dgiard,,,,,,FH,L4-T4,9,,,,,,,,,,,,,,
419,25,6,2013,Dgiard,,,,,,FH,L4-T4,10,,,,,,,,,,,,,,
420,25,6,2013,Dgiard,,,,,,FH,L4-T4,11,,,,,,,,,,,,,,
421,25,6,2013,Dgiard,,,,,,FH,L4-T4,12,m,74,,,,,,,,,,,,
422,25,6,2013,Dgiard,,,,,,FH,L4-T4,13,,,,,,,,,,,,,,
423,25,6,2013,Dgiard,,,,,,FH,L4-T4,14,,,,,,,,,,,,,,
424,25,6,2013,Dgiard,,,,,,FH,L4-T4,15,,,,,,,,,,,,,,
425,25,6,2013,Dgiard,,,,,,FH,L4-T4,16,,,,,,,,,,,,,,
426,25,6,2013,Dgiard,,,,,,FH,L4-T4,17,,,,,,,,,,,,,,
427,25,6,2013,Dgiard,,,,,,FH,L4-T4,18,,,,,,,,,,,,,,
428,25,6,2013,Dgiard,,,,,,FH,L4-T4,19,,,,,,,,,,,,,,
429,25,6,2013,Dgiard,,,,,,FH,L4-T4,20,,,,,,,,,,,,,,
Marker,Jour,Mois,Année,Plongeur,Début - lat.,Début - long.,Fin - lat.,Fin - long.,Depth,Site,Transect,section,SEX,SIZE,Escape,Sa,Va,Du,Al,Co,Gr,Ca,type,commentaire,fond,
430,18,8,2014,Mcomeau,,,,,31,FH,L4-T2,1,,,,,,,,,,,,,,
431,18,8,2014,Mcomeau,,,,,31,FH,L4-T2,2,,,,,,,,,,,,,,
432,18,8,2014,Mcomeau,,,,,31,FH,L4-T2,3,,,,,,,,,,,,,,
433,18,8,2014,Mcomeau,,,,,31,FH,L4-T2,4,,,,,,,,,,,,,,
434,18,8,2014,Mcomeau,,,,,31,FH,L4-T2,5,,,,,,,,,,,,,,
435,18,8,2014,Mcomeau,,,,,31,FH,L4-T2,6,,,,,,,,,,,,,,
436,18,8,2014,Mcomeau,,,,,31,FH,L4-T2,7,,,,,,,,,,,,,,
437,18,8,2014,Mcomeau,,,,,31,FH,L4-T2,8,,,,,,,,,,,,,,
438,18,8,2014,Mcomeau,,,,,31,FH,L4-T2,9,,,,,,,,,,,,,,
439,18,8,2014,Mcomeau,,,,,31,FH,L4-T2,10,m,85,,,,,,,,,,,,
440,18,8,2014,Mcomeau,,,,,31,FH,L4-T2,11,,,,,,,,,,,,,,
441,18,8,2014,Mcomeau,,,,,31,FH,L4-T2,12,,,,,,,,,,,,,,
442,18,8,2014,Mcomeau,,,,,31,FH,L4-T2,13,,,,,,,,,,,,,,
443,18,8,2014,Mcomeau,,,,,31,FH,L4-T2,14,,,,,,,,,,,,,,
444,18,8,2014,Mcomeau,,,,,31,FH,L4-T2,15,,,,,,,,,,,,,,
445,18,8,2014,Mcomeau,,,,,31,FH,L4-T2,16,,,,,,,,,,,,,,
446,18,8,2014,Mcomeau,,,,,31,FH,L4-T2,17,f,77,,,,,,,,,,,,
447,18,8,2014,Mcomeau,,,,,31,FH,L4-T2,18,,,,,,,,,,,,,,
448,18,8,2014,Mcomeau,,,,,31,FH,L4-T2,19,,,,,,,,,,,,,,
449,18,8,2014,Mcomeau,,,,,31,FH,L4-T2,20,,,,,,,,,,,,,,
450,18,8,2014,Bcomeau,,,,,31,FH,L4-T2,1,,,,,,,,,,,,,,
451,18,8,2014,Bcomeau,,,,,31,FH,L4-T2,2,,,,,,,,,,,,,,
452,18,8,2014,Bcomeau,,,,,31,FH,L4-T2,3,,,,,,,,,,,,,,
453,18,8,2014,Bcomeau,,,,,31,FH,L4-T2,4,,,,,,,,,,,,,,
454,18,8,2014,Bcomeau,,,,,31,FH,L4-T2,5,,,,,,,,,,,,,,
455,18,8,2014,Bcomeau,,,,,31,FH,L4-T2,6,,,,,,,,,,,,,,
456,18,8,2014,Bcomeau,,,,,31,FH,L4-T2,7,,,,,,,,,,,,,,
457,18,8,2014,Bcomeau,,,,,31,FH,L4-T2,8,,,,,,,,,,,,,,
458,18,8,2014,Bcomeau,,,,,31,FH,L4-T2,9,,,,,,,,,,,,,,
459,18,8,2014,Bcomeau,,,,,31,FH,L4-T2,10,m,49,,,,,,,,,,,,
460,18,8,2014,Bcomeau,,,,,31,FH,L4-T2,11,,,,,,,,,,,,,,
461,18,8,2014,Bcomeau,,,,,31,FH,L4-T2,12,,,,,,,,,,,,,,
462,18,8,2014,Bcomeau,,,,,31,FH,L4-T2,13,,,,,,,,,,,,,,
463,18,8,2014,Bcomeau,,,,,31,FH,L4-T2,14,,,,,,,,,,,,,,
464,18,8,2014,Bcomeau,,,,,31,FH,L4-T2,15,,,,,,,,,,,,,,
465,18,8,2014,Bcomeau,,,,,31,FH,L4-T2,16,,,,,,,,,,,,,,
466,18,8,2014,Bcomeau,,,,,31,FH,L4-T2,17,,,,,,,,,,,,,,
467,18,8,2014,Bcomeau,,,,,31,FH,L4-T2,18,,,,,,,,,,,,,,
468,18,8,2014,Bcomeau,,,,,31,FH,L4-T2,19,m,75,,,,,,,,,,,,
469,18,8,2014,Bcomeau,,,,,31,FH,L4-T2,20,i,18,,,,,,,,,,,,
470,18,8,2014,Mcomeau,,,,,29,FH,L4-T4,1,,,,,,,,,,,,,,
471,18,8,2014,Mcomeau,,,,,29,FH,L4-T4,2,,,,,,,,,,,,,,
472,18,8,2014,Mcomeau,,,,,29,FH,L4-T4,3,,,,,,,,,,,,,,
473,18,8,2014,Mcomeau,,,,,29,FH,L4-T4,4,,,,,,,,,,,,,,
474,18,8,2014,Mcomeau,,,,,29,FH,L4-T4,5,f,23,,,,,,,,,,,,
475,18,8,2014,Mcomeau,,,,,29,FH,L4-T4,6,,,,,,,,,,,,,,
476,18,8,2014,Mcomeau,,,,,29,FH,L4-T4,7,,,,,,,,,,,,,,
477,18,8,2014,Mcomeau,,,,,29,FH,L4-T4,8,m,22,,,,,,,,,,,,
478,18,8,2014,Mcomeau,,,,,29,FH,L4-T4,9,,,,,,,,,,,,,,
479,18,8,2014,Mcomeau,,,,,29,FH,L4-T4,10,,,,,,,,,,,,,,
480,18,8,2014,Mcomeau,,,,,29,FH,L4-T4,11,,,,,,,,,,,,,,
481,18,8,2014,Mcomeau,,,,,29,FH,L4-T4,12,,,,,,,,,,,,,,
482,18,8,2014,Mcomeau,,,,,29,FH,L4-T4,13,,,,,,,,,,,,,,
483,18,8,2014,Mcomeau,,,,,29,FH,L4-T4,14,,,,,,,,,,,,,,
484,18,8,2014,Mcomeau,,,,,29,FH,L4-T4,15,,,,,,,,,,,,,,
485,18,8,2014,Mcomeau,,,,,29,FH,L4-T4,16,,,,,,,,,,,,,,
486,18,8,2014,Mcomeau,,,,,29,FH,L4-T4,17,,,,,,,,,,,,,,
487,18,8,2014,Mcomeau,,,,,29,FH,L4-T4,18,,,,,,,,,,,,,,
488,18,8,2014,Mcomeau,,,,,29,FH,L4-T4,19,f,85,,,,,,,,,,,,
489,18,8,2014,Mcomeau,,,,,29,FH,L4-T4,20,,,,,,,,,,,,,,
490,18,8,2014,Gpaulin,,,,,29,FH,L4-T4,1,,,,,,,,,,,,,,
491,18,8,2014,Gpaulin,,,,,29,FH,L4-T4,2,f,40,,,,,,,,,,,,
492,18,8,2014,Gpaulin,,,,,29,FH,L4-T4,3,,,,,,,,,,,,,,
493,18,8,2014,Gpaulin,,,,,29,FH,L4-T4,4,,,,,,,,,,,,,,
494,18,8,2014,Gpaulin,,,,,29,FH,L4-T4,5,,,,,,,,,,,,,,
495,18,8,2014,Gpaulin,,,,,29,FH,L4-T4,6,,,,,,,,,,,,,,
496,18,8,2014,Gpaulin,,,,,29,FH,L4-T4,7,,,,,,,,,,,,,,
497,18,8,2014,Gpaulin,,,,,29,FH,L4-T4,8,f,80,,,,,,,,,,,,
498,18,8,2014,Gpaulin,,,,,29,FH,L4-T4,9,,,,,,,,,,,,,,
499,18,8,2014,Gpaulin,,,,,29,FH,L4-T4,10,,,,,,,,,,,,,,
500,18,8,2014,Gpaulin,,,,,29,FH,L4-T4,11,,,,,,,,,,,,,,
501,18,8,2014,Gpaulin,,,,,29,FH,L4-T4,12,,,,,,,,,,,,,,
502,18,8,2014,Gpaulin,,,,,29,FH,L4-T4,13,m,108,,,,,,,,,,,,
503,18,8,2014,Gpaulin,,,,,29,FH,L4-T4,14,,,,,,,,,,,,,,
504,18,8,2014,Gpaulin,,,,,29,FH,L4-T4,15,,,,,,,,,,,,,,
505,18,8,2014,Gpaulin,,,,,29,FH,L4-T4,16,,,,,,,,,,,,,,
506,18,8,2014,Gpaulin,,,,,29,FH,L4-T4,17,,,,,,,,,,,,,,
507,18,8,2014,Gpaulin,,,,,29,FH,L4-T4,18,,,,,,,,,,,,,,
508,18,8,2014,Gpaulin,,,,,29,FH,L4-T4,19,,,,,,,,,,,,,,
509,18,8,2014,Gpaulin,,,,,29,FH,L4-T4,20,,,,,,,,,,,,,,
510,18,8,2014,Mcomeau,,,,,27,FH,L3-T3,1,,,,,,,,,,,,,,
511,18,8,2014,Mcomeau,,,,,27,FH,L3-T3,2,,,,,,,,,,,,,,
512,18,8,2014,Mcomeau,,,,,27,FH,L3-T3,3,,,,,,,,,,,,,,
513,18,8,2014,Mcomeau,,,,,27,FH,L3-T3,4,,,,,,,,,,,,,,
514,18,8,2014,Mcomeau,,,,,27,FH,L3-T3,5,,,,,,,,,,,,,,
515,18,8,2014,Mcomeau,,,,,27,FH,L3-T3,6,,,,,,,,,,,,,,
516,18,8,2014,Mcomeau,,,,,27,FH,L3-T3,7,,,,,,,,,,,,,,
517,18,8,2014,Mcomeau,,,,,27,FH,L3-T3,8,,,,,,,,,,,,,,
518,18,8,2014,Mcomeau,,,,,27,FH,L3-T3,9,,,,,,,,,,,,,,
519,18,8,2014,Mcomeau,,,,,27,FH,L3-T3,10,,,,,,,,,,,,,,
520,18,8,2014,Mcomeau,,,,,27,FH,L3-T3,11,,,,,,,,,,,,,,
521,18,8,2014,Mcomeau,,,,,27,FH,L3-T3,12,,,,,,,,,,,,,,
522,18,8,2014,Mcomeau,,,,,27,FH,L3-T3,13,,,,,,,,,,,,,,
523,18,8,2014,Mcomeau,,,,,27,FH,L3-T3,14,,,,,,,,,,,,,,
524,18,8,2014,Mcomeau,,,,,27,FH,L3-T3,15,,,,,,,,,,,,,,
525,18,8,2014,Mcomeau,,,,,27,FH,L3-T3,16,,,,,,,,,,,,,,
526,18,8,2014,Mcomeau,,,,,27,FH,L3-T3,17,,,,,,,,,,,,,,
527,18,8,2014,Mcomeau,,,,,27,FH,L3-T3,18,,,,,,,,,,,,,,
528,18,8,2014,Mcomeau,,,,,27,FH,L3-T3,19,,,,,,,,,,,,,,
529,18,8,2014,Mcomeau,,,,,27,FH,L3-T3,20,,,,,,,,,,,,,,
530,18,8,2014,Bcomeau,,,,,27,FH,L3-T3,1,,,,,,,,,,,,,,
531,18,8,2014,Bcomeau,,,,,27,FH,L3-T3,2,,,,,,,,,,,,,,
532,18,8,2014,Bcomeau,,,,,27,FH,L3-T3,3,m,52,,,,,,,,,,,,
533,18,8,2014,Bcomeau,,,,,27,FH,L3-T3,4,b1,87,,,,,,,,,,,,
534,18,8,2014,Bcomeau,,,,,27,FH,L3-T3,5,,,,,,,,,,,,,,
535,18,8,2014,Bcomeau,,,,,27,FH,L3-T3,6,,,,,,,,,,,,,,
536,18,8,2014,Bcomeau,,,,,27,FH,L3-T3,7,,,,,,,,,,,,,,
537,18,8,2014,Bcomeau,,,,,27,FH,L3-T3,8,,,,,,,,,,,,,,
538,18,8,2014,Bcomeau,,,,,27,FH,L3-T3,9,,,,,,,,,,,,,,
539,18,8,2014,Bcomeau,,,,,27,FH,L3-T3,10,,,,,,,,,,,,,,
540,18,8,2014,Bcomeau,,,,,27,FH,L3-T3,11,,,,,,,,,,,,,,
541,18,8,2014,Bcomeau,,,,,27,FH,L3-T3,12,m,71,,,,,,,,,,,,
542,18,8,2014,Bcomeau,,,,,27,FH,L3-T3,13,,,,,,,,,,,,,,
543,18,8,2014,Bcomeau,,,,,27,FH,L3-T3,14,,,,,,,,,,,,,,
544,18,8,2014,Bcomeau,,,,,27,FH,L3-T3,15,,,,,,,,,,,,,,
545,18,8,2014,Bcomeau,,,,,27,FH,L3-T3,16,,,,,,,,,,,,,,
546,18,8,2014,Bcomeau,,,,,27,FH,L3-T3,17,,,,,,,,,,,,,,
547,18,8,2014,Bcomeau,,,,,27,FH,L3-T3,18,,,,,,,,,,,,,,
548,18,8,2014,Bcomeau,,,,,27,FH,L3-T3,19,,,,,,,,,,,,,,
549,18,8,2014,Bcomeau,,,,,27,FH,L3-T3,20,,,,,,,,,,,,,,
550,18,8,2014,Mcomeau,,,,,25,FH,L3-T5,1,,,,,,,,,,,,,,
551,18,8,2014,Mcomeau,,,,,25,FH,L3-T5,2,,,,,,,,,,,,,,
552,18,8,2014,Mcomeau,,,,,25,FH,L3-T5,3,,,,,,,,,,,,,,
553,18,8,2014,Mcomeau,,,,,25,FH,L3-T5,4,,,,,,,,,,,,,,
554,18,8,2014,Mcomeau,,,,,25,FH,L3-T5,5,,,,,,,,,,,,,,
555,18,8,2014,Mcomeau,,,,,25,FH,L3-T5,6,,,,,,,,,,,,,,
556,18,8,2014,Mcomeau,,,,,25,FH,L3-T5,7,,,,,,,,,,,,,,
557,18,8,2014,Mcomeau,,,,,25,FH,L3-T5,8,,,,,,,,,,,,,,
558,18,8,2014,Mcomeau,,,,,25,FH,L3-T5,9,,,,,,,,,,,,,,
559,18,8,2014,Mcomeau,,,,,25,FH,L3-T5,10,,,,,,,,,,,,,,
560,18,8,2014,Mcomeau,,,,,25,FH,L3-T5,11,,,,,,,,,,,,,,
561,18,8,2014,Mcomeau,,,,,25,FH,L3-T5,12,f,87,,,,,,,,,,,,
562,18,8,2014,Mcomeau,,,,,25,FH,L3-T5,13,,,,,,,,,,,,,,
563,18,8,2014,Mcomeau,,,,,25,FH,L3-T5,14,,,,,,,,,,,,,,
564,18,8,2014,Mcomeau,,,,,25,FH,L3-T5,15,,,,,,,,,,,,,,
565,18,8,2014,Mcomeau,,,,,25,FH,L3-T5,16,,,,,,,,,,,,,,
566,18,8,2014,Mcomeau,,,,,25,FH,L3-T5,17,,,,,,,,,,,,,,
567,18,8,2014,Mcomeau,,,,,25,FH,L3-T5,18,,,,,,,,,,,,,,
568,18,8,2014,Mcomeau,,,,,25,FH,L3-T5,19,,,,,,,,,,,,,,
569,18,8,2014,Mcomeau,,,,,25,FH,L3-T5,20,,,,,,,,,,,,,,
570,18,8,2014,Bcomeau,,,,,25,FH,L3-T5,1,,,,,,,,,,,,,,
571,18,8,2014,Bcomeau,,,,,25,FH,L3-T5,2,,,,,,,,,,,,,,
572,18,8,2014,Bcomeau,,,,,25,FH,L3-T5,3,,,,,,,,,,,,,,
573,18,8,2014,Bcomeau,,,,,25,FH,L3-T5,4,,,,,,,,,,,,,,
574,18,8,2014,Bcomeau,,,,,25,FH,L3-T5,5,,,,,,,,,,,,,,
575,18,8,2014,Bcomeau,,,,,25,FH,L3-T5,6,,,,,,,,,,,,,,
576,18,8,2014,Bcomeau,,,,,25,FH,L3-T5,7,m,40,,,,,,,,,,,,
577,18,8,2014,Bcomeau,,,,,25,FH,L3-T5,8,,,,,,,,,,,,,,
578,18,8,2014,Bcomeau,,,,,25,FH,L3-T5,9,,,,,,,,,,,,,,
579,18,8,2014,Bcomeau,,,,,25,FH,L3-T5,10,,,,,,,,,,,,,,
580,18,8,2014,Bcomeau,,,,,25,FH,L3-T5,11,,,,,,,,,,,,,,
581,18,8,2014,Bcomeau,,,,,25,FH,L3-T5,12,,,,,,,,,,,,,,
582,18,8,2014,Bcomeau,,,,,25,FH,L3-T5,13,,,,,,,,,,,,,,
583,18,8,2014,Bcomeau,,,,,25,FH,L3-T5,14,,,,,,,,,,,,,,
584,18,8,2014,Bcomeau,,,,,25,FH,L3-T5,15,,,,,,,,,,,,,,
585,18,8,2014,Bcomeau,,,,,25,FH,L3-T5,16,,,,,,,,,,,,,,
586,18,8,2014,Bcomeau,,,,,25,FH,L3-T5,17,m,121,,,,,,,,,,,,
587,18,8,2014,Bcomeau,,,,,25,FH,L3-T5,18,,,,,,,,,,,,,,
588,18,8,2014,Bcomeau,,,,,25,FH,L3-T5,19,,,,,,,,,,,,,,
589,18,8,2014,Bcomeau,,,,,25,FH,L3-T5,20,,,,,,,,,,,,,,
,,,,,,,,,,,,,,,,,,,,,,,,,,
Marker,Jour,Mois,Année,Plongeur,Début - lat.,Début - long.,Fin - lat.,Fin - long.,Depth,Site,Transect,section,SEX,SIZE,Escape,Sa,Va,Du,Al,Co,Gr,Ca,type,commentaire,fond,
1,27,7,2017,Mcomeau,,,,,30,FH,L3-T3,1,,,,,,,,,,,,,,
2,27,7,2017,Mcomeau,,,,,30,FH,L3-T3,2,,,,,,,,,,,,,,
3,27,7,2017,Mcomeau,,,,,30,FH,L3-T3,3,m,72,,,,,,,,,,,,
4,27,7,2017,Mcomeau,,,,,30,FH,L3-T3,3,f,92,,,,,,,,,,,,
5,27,7,2017,Mcomeau,,,,,30,FH,L3-T3,4,,,,,,,,,,,,,,
6,27,7,2017,Mcomeau,,,,,30,FH,L3-T3,5,,,,,,,,,,,,,,
7,27,7,2017,Mcomeau,,,,,30,FH,L3-T3,6,,,,,,,,,,,,,,
8,27,7,2017,Mcomeau,,,,,30,FH,L3-T3,7,,,,,,,,,,,,,,
9,27,7,2017,Mcomeau,,,,,30,FH,L3-T3,8,,,,,,,,,,,,,,
10,27,7,2017,Mcomeau,,,,,30,FH,L3-T3,9,,,,,,,,,,,,,,
11,27,7,2017,Mcomeau,,,,,30,FH,L3-T3,10,,,,,,,,,,,,,,
12,27,7,2017,Mcomeau,,,,,30,FH,L3-T3,11,,,,,,,,,,,,,,
13,27,7,2017,Mcomeau,,,,,30,FH,L3-T3,12,,,,,,,,,,,,,,
14,27,7,2017,Mcomeau,,,,,30,FH,L3-T3,13,,,,,,,,,,,,,,
15,27,7,2017,Mcomeau,,,,,30,FH,L3-T3,14,,,,,,,,,,,,,,
16,27,7,2017,Mcomeau,,,,,30,FH,L3-T3,15,,,,,,,,,,,,,,
17,27,7,2017,Mcomeau,,,,,30,FH,L3-T3,16,m,57,,,,,,,,,,,,
18,27,7,2017,Mcomeau,,,,,30,FH,L3-T3,17,,,,,,,,,,,,,,
19,27,7,2017,Mcomeau,,,,,30,FH,L3-T3,18,,,,,,,,,,,,,,
20,27,7,2017,Mcomeau,,,,,30,FH,L3-T3,19,,,,,,,,,,,,,,
21,27,7,2017,Mcomeau,,,,,30,FH,L3-T3,20,,,,,,,,,,,,,,
22,27,7,2017,Bcomeau,,,,,30,FH,L3-T3,1,,,,,,,,,,,,,,
23,27,7,2017,Bcomeau,,,,,30,FH,L3-T3,2,b1,121,,,,,,,,,,,,
24,27,7,2017,Bcomeau,,,,,30,FH,L3-T3,3,,,,,,,,,,,,,,
25,27,7,2017,Bcomeau,,,,,30,FH,L3-T3,4,,,,,,,,,,,,,,
26,27,7,2017,Bcomeau,,,,,30,FH,L3-T3,5,,,,,,,,,,,,,,
27,27,7,2017,Bcomeau,,,,,30,FH,L3-T3,6,,,,,,,,,,,,,,
28,27,7,2017,Bcomeau,,,,,30,FH,L3-T3,7,,,,,,,,,,,,,,
29,27,7,2017,Bcomeau,,,,,30,FH,L3-T3,8,m,72,,,,,,,,,,,,
30,27,7,2017,Bcomeau,,,,,30,FH,L3-T3,9,,,,,,,,,,,,,,
31,27,7,2017,Bcomeau,,,,,30,FH,L3-T3,10,,,,,,,,,,,,,,
32,27,7,2017,Bcomeau,,,,,30,FH,L3-T3,11,,,,,,,,,,,,,,
33,27,7,2017,Bcomeau,,,,,30,FH,L3-T3,12,f,83,,,,,,,,,,,,
34,27,7,2017,Bcomeau,,,,,30,FH,L3-T3,13,f,26,,,,,,,,,,,,
35,27,7,2017,Bcomeau,,,,,30,FH,L3-T3,14,,,,,,,,,,,,,,
36,27,7,2017,Bcomeau,,,,,30,FH,L3-T3,15,,,,,,,,,,,,,,
37,27,7,2017,Bcomeau,,,,,30,FH,L3-T3,16,,,,,,,,,,,,,,
38,27,7,2017,Bcomeau,,,,,30,FH,L3-T3,17,,,,,,,,,,,,,,
39,27,7,2017,Bcomeau,,,,,30,FH,L3-T3,18,,,,,,,,,,,,,,
40,27,7,2017,Bcomeau,,,,,30,FH,L3-T3,19,,,,,,,,,,,,,,
41,27,7,2017,Bcomeau,,,,,30,FH,L3-T3,20,,,,,,,,,,,,,,
42,27,7,2017,Mcomeau,,,,,25,FH,L3-T5,1,,,,,,,,,,,,,,
43,27,7,2017,Mcomeau,,,,,25,FH,L3-T5,2,,,,,,,,,,,,,,
44,27,7,2017,Mcomeau,,,,,25,FH,L3-T5,3,,,,,,,,,,,,,,
45,27,7,2017,Mcomeau,,,,,25,FH,L3-T5,4,,,,,,,,,,,,,,
46,27,7,2017,Mcomeau,,,,,25,FH,L3-T5,5,,,,,,,,,,,,,,
47,27,7,2017,Mcomeau,,,,,25,FH,L3-T5,6,,,,,,,,,,,,,,
48,27,7,2017,Mcomeau,,,,,25,FH,L3-T5,7,,,,,,,,,,,,,,
49,27,7,2017,Mcomeau,,,,,25,FH,L3-T5,8,,,,,,,,,,,,,,
50,27,7,2017,Mcomeau,,,,,25,FH,L3-T5,9,,,,,,,,,,,,,,
51,27,7,2017,Mcomeau,,,,,25,FH,L3-T5,10,,,,,,,,,,,,,,
52,27,7,2017,Mcomeau,,,,,25,FH,L3-T5,11,,,,,,,,,,,,,,
53,27,7,2017,Mcomeau,,,,,25,FH,L3-T5,12,,,,,,,,,,,,,,
54,27,7,2017,Mcomeau,,,,,25,FH,L3-T5,13,,,,,,,,,,,,,,
55,27,7,2017,Mcomeau,,,,,25,FH,L3-T5,14,,,,,,,,,,,,,,
56,27,7,2017,Mcomeau,,,,,25,FH,L3-T5,15,,,,,,,,,,,,,,
57,27,7,2017,Mcomeau,,,,,25,FH,L3-T5,16,,,,,,,,,,,,,,
58,27,7,2017,Mcomeau,,,,,25,FH,L3-T5,17,,,,,,,,,,,,,,
59,27,7,2017,Mcomeau,,,,,25,FH,L3-T5,18,,,,,,,,,,,,,,
60,27,7,2017,Mcomeau,,,,,25,FH,L3-T5,19,,,,,,,,,,,,,,
61,27,7,2017,Mcomeau,,,,,25,FH,L3-T5,20,,,,,,,,,,,,,,
62,27,7,2017,Bcomeau,,,,,25,FH,L3-T5,1,,,,,,,,,,,,,,
63,27,7,2017,Bcomeau,,,,,25,FH,L3-T5,2,,,,,,,,,,,,,,
64,27,7,2017,Bcomeau,,,,,25,FH,L3-T5,3,,,,,,,,,,,,,,
65,27,7,2017,Bcomeau,,,,,25,FH,L3-T5,4,,,,,,,,,,,,,,
66,27,7,2017,Bcomeau,,,,,25,FH,L3-T5,5,,,,,,,,,,,,,,
67,27,7,2017,Bcomeau,,,,,25,FH,L3-T5,6,,,,,,,,,,,,,,
68,27,7,2017,Bcomeau,,,,,25,FH,L3-T5,7,,,,,,,,,,,,,,
69,27,7,2017,Bcomeau,,,,,25,FH,L3-T5,8,,,,,,,,,,,,,,
70,27,7,2017,Bcomeau,,,,,25,FH,L3-T5,9,,,,,,,,,,,,,,
71,27,7,2017,Bcomeau,,,,,25,FH,L3-T5,10,,,,,,,,,,,,,,
72,27,7,2017,Bcomeau,,,,,25,FH,L3-T5,11,,,,,,,,,,,,,,
73,27,7,2017,Bcomeau,,,,,25,FH,L3-T5,12,m,60,,,,,,,,,,,,
74,27,7,2017,Bcomeau,,,,,25,FH,L3-T5,13,,,,,,,,,,,,,,
75,27,7,2017,Bcomeau,,,,,25,FH,L3-T5,14,,,,,,,,,,,,,,
76,27,7,2017,Bcomeau,,,,,25,FH,L3-T5,15,,,,,,,,,,,,,,
77,27,7,2017,Bcomeau,,,,,25,FH,L3-T5,16,,,,,,,,,,,,,,
78,27,7,2017,Bcomeau,,,,,25,FH,L3-T5,17,m,38,,,,,,,,,,,,
79,27,7,2017,Bcomeau,,,,,25,FH,L3-T5,18,,,,,,,,,,,,,,
80,27,7,2017,Bcomeau,,,,,25,FH,L3-T5,19,,,,,,,,,,,,,,
81,27,7,2017,Bcomeau,,,,,25,FH,L3-T5,20,,,,,,,,,,,,,,
82,27,7,2017,Mcomeau,,,,,31,FH,L4-T2,1,f,28,,,,,,,,,,,,
83,27,7,2017,Mcomeau,,,,,31,FH,L4-T2,2,,,,,,,,,,,,,,
84,27,7,2017,Mcomeau,,,,,31,FH,L4-T2,3,m,32,,,,,,,,,,,,
85,27,7,2017,Mcomeau,,,,,31,FH,L4-T2,4,,,,,,,,,,,,,,
86,27,7,2017,Mcomeau,,,,,31,FH,L4-T2,5,,,,,,,,,,,,,,
87,27,7,2017,Mcomeau,,,,,31,FH,L4-T2,6,,,,,,,,,,,,,,
88,27,7,2017,Mcomeau,,,,,31,FH,L4-T2,7,m,43,,,,,,,,,,,,
89,27,7,2017,Mcomeau,,,,,31,FH,L4-T2,8,,,,,,,,,,,,,,
90,27,7,2017,Mcomeau,,,,,31,FH,L4-T2,9,m,31,,,,,,,,,,,,
91,27,7,2017,Mcomeau,,,,,31,FH,L4-T2,10,,,,,,,,,,,,,,
92,27,7,2017,Mcomeau,,,,,31,FH,L4-T2,11,,,,,,,,,,,,,,
93,27,7,2017,Mcomeau,,,,,31,FH,L4-T2,12,,,,,,,,,,,,,,
94,27,7,2017,Mcomeau,,,,,31,FH,L4-T2,13,,,,,,,,,,,,,,
95,27,7,2017,Mcomeau,,,,,31,FH,L4-T2,14,,,,,,,,,,,,,,
96,27,7,2017,Mcomeau,,,,,31,FH,L4-T2,15,,,,,,,,,,,,,,
97,27,7,2017,Mcomeau,,,,,31,FH,L4-T2,16,m,72,,,,,,,,,,,,
98,27,7,2017,Mcomeau,,,,,31,FH,L4-T2,16,m,91,,,,,,,,,,,,
99,27,7,2017,Mcomeau,,,,,31,FH,L4-T2,17,,,,,,,,,,,,,,
100,27,7,2017,Mcomeau,,,,,31,FH,L4-T2,18,,,,,,,,,,,,,,
101,27,7,2017,Mcomeau,,,,,31,FH,L4-T2,19,,,,,,,,,,,,,,
102,27,7,2017,Mcomeau,,,,,31,FH,L4-T2,20,,,,,,,,,,,,,,
103,27,7,2017,Bcomeau,,,,,31,FH,L4-T2,1,m,67,,,,,,,,,,,,
104,27,7,2017,Bcomeau,,,,,31,FH,L4-T2,1,m,85,,,,,,,,,,,,
105,27,7,2017,Bcomeau,,,,,31,FH,L4-T2,2,,,,,,,,,,,,,,
106,27,7,2017,Bcomeau,,,,,31,FH,L4-T2,3,,,,,,,,,,,,,,
107,27,7,2017,Bcomeau,,,,,31,FH,L4-T2,4,,,,,,,,,,,,,,
108,27,7,2017,Bcomeau,,,,,31,FH,L4-T2,5,,,,,,,,,,,,,,
109,27,7,2017,Bcomeau,,,,,31,FH,L4-T2,6,,,,,,,,,,,,,,
110,27,7,2017,Bcomeau,,,,,31,FH,L4-T2,7,,,,,,,,,,,,,,
111,27,7,2017,Bcomeau,,,,,31,FH,L4-T2,8,,,,,,,,,,,,,,
112,27,7,2017,Bcomeau,,,,,31,FH,L4-T2,9,,,,,,,,,,,,,,
113,27,7,2017,Bcomeau,,,,,31,FH,L4-T2,10,,,,,,,,,,,,,,
114,27,7,2017,Bcomeau,,,,,31,FH,L4-T2,11,,,,,,,,,,,,,,
115,27,7,2017,Bcomeau,,,,,31,FH,L4-T2,12,,,,,,,,,,,,,,
116,27,7,2017,Bcomeau,,,,,31,FH,L4-T2,13,,,,,,,,,,,,,,
117,27,7,2017,Bcomeau,,,,,31,FH,L4-T2,14,,,,,,,,,,,,,,
118,27,7,2017,Bcomeau,,,,,31,FH,L4-T2,15,,,,,,,,,,,,,,
119,27,7,2017,Bcomeau,,,,,31,FH,L4-T2,16,,,,,,,,,,,,,,
120,27,7,2017,Bcomeau,,,,,31,FH,L4-T2,17,,,,,,,,,,,,,,
121,27,7,2017,Bcomeau,,,,,31,FH,L4-T2,18,,,,,,,,,,,,,,
122,27,7,2017,Bcomeau,,,,,31,FH,L4-T2,19,,,,,,,,,,,,,,
123,27,7,2017,Bcomeau,,,,,31,FH,L4-T2,20,,,,,,,,,,,,,,
124,27,7,2017,Mcomeau,,,,,29,FH,L4-T4,1,,,,,,,,,,,,,,
125,27,7,2017,Mcomeau,,,,,29,FH,L4-T4,2,,,,,,,,,,,,,,
126,27,7,2017,Mcomeau,,,,,29,FH,L4-T4,3,,,,,,,,,,,,,,
127,27,7,2017,Mcomeau,,,,,29,FH,L4-T4,4,,,,,,,,,,,,,,
128,27,7,2017,Mcomeau,,,,,29,FH,L4-T4,5,f,77,,,,,,,,,,,,
129,27,7,2017,Mcomeau,,,,,29,FH,L4-T4,6,,,,,,,,,,,,,,
130,27,7,2017,Mcomeau,,,,,29,FH,L4-T4,7,f,32,,,,,,,,,,,,
131,27,7,2017,Mcomeau,,,,,29,FH,L4-T4,8,,,,,,,,,,,,,,
132,27,7,2017,Mcomeau,,,,,29,FH,L4-T4,9,f,52,,,,,,,,,,,,
133,27,7,2017,Mcomeau,,,,,29,FH,L4-T4,10,,,,,,,,,,,,,,
134,27,7,2017,Mcomeau,,,,,29,FH,L4-T4,11,m,101,,,,,,,,,,,,
135,27,7,2017,Mcomeau,,,,,29,FH,L4-T4,12,,,,,,,,,,,,,,
136,27,7,2017,Mcomeau,,,,,29,FH,L4-T4,13,f,33,,,,,,,,,,,,
137,27,7,2017,Mcomeau,,,,,29,FH,L4-T4,14,m,133,,,,,,,,,,,,
138,27,7,2017,Mcomeau,,,,,29,FH,L4-T4,15,f,85,,,,,,,,,,,,
139,27,7,2017,Mcomeau,,,,,29,FH,L4-T4,16,f,90,,,,,,,,,,,,
140,27,7,2017,Mcomeau,,,,,29,FH,L4-T4,17,,,,,,,,,,,,,,
141,27,7,2017,Mcomeau,,,,,29,FH,L4-T4,18,,,,,,,,,,,,,,
142,27,7,2017,Mcomeau,,,,,29,FH,L4-T4,19,,,,,,,,,,,,,,
143,27,7,2017,Mcomeau,,,,,29,FH,L4-T4,20,,,,,,,,,,,,,,
144,27,7,2017,Bcomeau,,,,,29,FH,L4-T4,1,,,,,,,,,,,,,,
145,27,7,2017,Bcomeau,,,,,29,FH,L4-T4,2,,,,,,,,,,,,,,
146,27,7,2017,Bcomeau,,,,,29,FH,L4-T4,3,,,,,,,,,,,,,,
147,27,7,2017,Bcomeau,,,,,29,FH,L4-T4,4,,,,,,,,,,,,,,
148,27,7,2017,Bcomeau,,,,,29,FH,L4-T4,5,b1,76,,,,,,,,,,,,
149,27,7,2017,Bcomeau,,,,,29,FH,L4-T4,6,f,78,,,,,,,,,,,,
150,27,7,2017,Bcomeau,,,,,29,FH,L4-T4,9,f,51,,,,,,,,,,,,
151,27,7,2017,Bcomeau,,,,,29,FH,L4-T4,10,,,,,,,,,,,,,,
152,27,7,2017,Bcomeau,,,,,29,FH,L4-T4,11,,,,,,,,,,,,,,
153,27,7,2017,Bcomeau,,,,,29,FH,L4-T4,12,m,67,,,,,,,,,,,,
154,27,7,2017,Bcomeau,,,,,29,FH,L4-T4,13,,,,,,,,,,,,,,
155,27,7,2017,Bcomeau,,,,,29,FH,L4-T4,14,,,,,,,,,,,,,,
156,27,7,2017,Bcomeau,,,,,29,FH,L4-T4,15,,,,,,,,,,,,,,
157,27,7,2017,Bcomeau,,,,,29,FH,L4-T4,16,m,30,,,,,,,,,,,,
158,27,7,2017,Bcomeau,,,,,29,FH,L4-T4,17,,,,,,,,,,,,,,
159,27,7,2017,Bcomeau,,,,,29,FH,L4-T4,18,,,,,,,,,,,,,,
160,27,7,2017,Bcomeau,,,,,29,FH,L4-T4,19,,,,,,,,,,,,,,
161,27,7,2017,Bcomeau,,,,,29,FH,L4-T4,20,,,,,,,,,,,,,,
,,,,,,,,,,,,,,,,,,,,,,,,,,
Marker,Jour,Mois,Année,Plongeur,Début - lat.,Début - long.,Fin - lat.,Fin - long.,Depth,Site,Transect,section,SEX,SIZE,Escape,Sa,Va,Du,Al,Co,Gr,Ca,type,commentaire,fond,
1,31,7,2018,Dgiard,,,,,26,FH,L3-T3,1,,,,,,,,,,,,,,
2,31,7,2018,Dgiard,,,,,26,FH,L3-T3,2,,,,,,,,,,,,,,
3,31,7,2018,Dgiard,,,,,26,FH,L3-T3,3,m,80,,,,,,,,,,,,
4,31,7,2018,Dgiard,,,,,26,FH,L3-T3,4,i,90,,,,,,,,,,,,
5,31,7,2018,Dgiard,,,,,26,FH,L3-T3,5,,,,,,,,,,,,,,
6,31,7,2018,Dgiard,,,,,26,FH,L3-T3,6,m,51,,,,,,,,,,,,
7,31,7,2018,Dgiard,,,,,26,FH,L3-T3,7,,,,,,,,,,,,,,
8,31,7,2018,Dgiard,,,,,26,FH,L3-T3,8,,,,,,,,,,,,,,
9,31,7,2018,Dgiard,,,,,26,FH,L3-T3,9,,,,,,,,,,,,,,
10,31,7,2018,Dgiard,,,,,26,FH,L3-T3,10,,,,,,,,,,,,,,
11,31,7,2018,Dgiard,,,,,26,FH,L3-T3,11,,,,,,,,,,,,,,
12,31,7,2018,Dgiard,,,,,26,FH,L3-T3,12,b1,91,,,,,,,,,,,,
13,31,7,2018,Dgiard,,,,,26,FH,L3-T3,13,,,,,,,,,,,,,,
14,31,7,2018,Dgiard,,,,,26,FH,L3-T3,14,i,100,,,,,,,,,,,,
15,31,7,2018,Dgiard,,,,,26,FH,L3-T3,15,,,,,,,,,,,,,,
16,31,7,2018,Dgiard,,,,,26,FH,L3-T3,16,m,86,,,,,,,,,,,,
17,31,7,2018,Dgiard,,,,,26,FH,L3-T3,17,,,,,,,,,,,,,,
18,31,7,2018,Dgiard,,,,,26,FH,L3-T3,18,m,81,,,,,,,,,,,,
19,31,7,2018,Dgiard,,,,,26,FH,L3-T3,19,,,,,,,,,,,,,,
20,31,7,2018,Dgiard,,,,,26,FH,L3-T3,20,m,79,,,,,,,,,,,,
21,31,7,2018,Mouellet,,,,,26,FH,L3-T3,1,m,70,,,,,,,,,,,,
22,31,7,2018,Mouellet,,,,,26,FH,L3-T3,2,,,,,,,,,,,,,,
23,31,7,2018,Mouellet,,,,,26,FH,L3-T3,3,,,,,,,,,,,,,,
24,31,7,2018,Mouellet,,,,,26,FH,L3-T3,4,,,,,,,,,,,,,,
25,31,7,2018,Mouellet,,,,,26,FH,L3-T3,5,,,,,,,,,,,,,,
26,31,7,2018,Mouellet,,,,,26,FH,L3-T3,6,,,,,,,,,,,,,,
27,31,7,2018,Mouellet,,,,,26,FH,L3-T3,7,,,,,,,,,,,,,,
28,31,7,2018,Mouellet,,,,,26,FH,L3-T3,8,,,,,,,,,,,,,,
29,31,7,2018,Mouellet,,,,,26,FH,L3-T3,9,,,,,,,,,,,,,,
30,31,7,2018,Mouellet,,,,,26,FH,L3-T3,10,,,,,,,,,,,,,,
31,31,7,2018,Mouellet,,,,,26,FH,L3-T3,11,,,,,,,,,,,,,,
32,31,7,2018,Mouellet,,,,,26,FH,L3-T3,12,,,,,,,,,,,,,,
33,31,7,2018,Mouellet,,,,,26,FH,L3-T3,13,,,,,,,,,,,,,,
34,31,7,2018,Mouellet,,,,,26,FH,L3-T3,14,,,,,,,,,,,,,,
35,31,7,2018,Mouellet,,,,,26,FH,L3-T3,15,,,,,,,,,,,,,,
36,31,7,2018,Mouellet,,,,,26,FH,L3-T3,16,,,,,,,,,,,,,,
37,31,7,2018,Mouellet,,,,,26,FH,L3-T3,17,,,,,,,,,,,,,,
38,31,7,2018,Mouellet,,,,,26,FH,L3-T3,18,,,,,,,,,,,,,,
39,31,7,2018,Mouellet,,,,,26,FH,L3-T3,19,,,,,,,,,,,,,,
40,31,7,2018,Mouellet,,,,,26,FH,L3-T3,20,,,,,,,,,,,,,,
41,31,7,2018,Dgiard,,,,,22,FH,L3-T5,1,,,,,,,,,,,,,,
42,31,7,2018,Dgiard,,,,,22,FH,L3-T5,2,,,,,,,,,,,,,,
43,31,7,2018,Dgiard,,,,,22,FH,L3-T5,3,m,74,,,,,,,,,,,,
44,31,7,2018,Dgiard,,,,,22,FH,L3-T5,4,,,,,,,,,,,,,,
45,31,7,2018,Dgiard,,,,,22,FH,L3-T5,5,f,76,,,,,,,,,,,,
46,31,7,2018,Dgiard,,,,,22,FH,L3-T5,6,,,,,,,,,,,,,,
47,31,7,2018,Dgiard,,,,,22,FH,L3-T5,7,,,,,,,,,,,,,,
48,31,7,2018,Dgiard,,,,,22,FH,L3-T5,8,,,,,,,,,,,,,,
49,31,7,2018,Dgiard,,,,,22,FH,L3-T5,9,,,,,,,,,,,,,,
50,31,7,2018,Dgiard,,,,,22,FH,L3-T5,10,,,,,,,,,,,,,,
51,31,7,2018,Dgiard,,,,,22,FH,L3-T5,11,,,,,,,,,,,,,,
52,31,7,2018,Dgiard,,,,,22,FH,L3-T5,12,,,,,,,,,,,,,,
53,31,7,2018,Dgiard,,,,,22,FH,L3-T5,13,,,,,,,,,,,,,,
54,31,7,2018,Dgiard,,,,,22,FH,L3-T5,14,,,,,,,,,,,,,,
55,31,7,2018,Dgiard,,,,,22,FH,L3-T5,15,,,,,,,,,,,,,,
56,31,7,2018,Dgiard,,,,,22,FH,L3-T5,16,,,,,,,,,,,,,,
57,31,7,2018,Dgiard,,,,,22,FH,L3-T5,17,,,,,,,,,,,,,,
58,31,7,2018,Dgiard,,,,,22,FH,L3-T5,18,,,,,,,,,,,,,,
59,31,7,2018,Dgiard,,,,,22,FH,L3-T5,19,,,,,,,,,,,,,,
60,31,7,2018,Dgiard,,,,,22,FH,L3-T5,20,,,,,,,,,,,,,,
61,31,7,2018,Mouellet,,,,,22,FH,L3-T5,1,,,,,,,,,,,,,,
62,31,7,2018,Mouellet,,,,,22,FH,L3-T5,2,,,,,,,,,,,,,,
63,31,7,2018,Mouellet,,,,,22,FH,L3-T5,3,,,,,,,,,,,,,,
64,31,7,2018,Mouellet,,,,,22,FH,L3-T5,4,f,93,,,,,,,,,,,,
65,31,7,2018,Mouellet,,,,,22,FH,L3-T5,5,,,,,,,,,,,,,,
66,31,7,2018,Mouellet,,,,,22,FH,L3-T5,6,,,,,,,,,,,,,,
67,31,7,2018,Mouellet,,,,,22,FH,L3-T5,7,,,,,,,,,,,,,,
68,31,7,2018,Mouellet,,,,,22,FH,L3-T5,8,,,,,,,,,,,,,,
69,31,7,2018,Mouellet,,,,,22,FH,L3-T5,9,,,,,,,,,,,,,,
70,31,7,2018,Mouellet,,,,,22,FH,L3-T5,10,,,,,,,,,,,,,,
71,31,7,2018,Mouellet,,,,,22,FH,L3-T5,11,,,,,,,,,,,,,,
72,31,7,2018,Mouellet,,,,,22,FH,L3-T5,12,,,,,,,,,,,,,,
73,31,7,2018,Mouellet,,,,,22,FH,L3-T5,13,,,,,,,,,,,,,,
74,31,7,2018,Mouellet,,,,,22,FH,L3-T5,14,,,,,,,,,,,,,,
75,31,7,2018,Mouellet,,,,,22,FH,L3-T5,15,,,,,,,,,,,,,,
76,31,7,2018,Mouellet,,,,,22,FH,L3-T5,16,,,,,,,,,,,,,,
77,31,7,2018,Mouellet,,,,,22,FH,L3-T5,17,,,,,,,,,,,,,,
78,31,7,2018,Mouellet,,,,,22,FH,L3-T5,18,,,,,,,,,,,,,,
79,31,7,2018,Mouellet,,,,,22,FH,L3-T5,19,,,,,,,,,,,,,,
80,31,7,2018,Mouellet,,,,,22,FH,L3-T5,20,m,56,,,,,,,,,,,,
81,31,7,2018,Dgiard,,,,,31,FH,L4-T2,1,,,,,,,,,,,,,,
82,31,7,2018,Dgiard,,,,,31,FH,L4-T2,2,,,,,,,,,,,,,,
83,31,7,2018,Dgiard,,,,,31,FH,L4-T2,3,,,,,,,,,,,,,,
84,31,7,2018,Dgiard,,,,,31,FH,L4-T2,4,,,,,,,,,,,,,,
85,31,7,2018,Dgiard,,,,,31,FH,L4-T2,5,,,,,,,,,,,,,,
86,31,7,2018,Dgiard,,,,,31,FH,L4-T2,6,,,,,,,,,,,,,,
87,31,7,2018,Dgiard,,,,,31,FH,L4-T2,7,,,,,,,,,,,,,,
88,31,7,2018,Dgiard,,,,,31,FH,L4-T2,8,,,,,,,,,,,,,,
89,31,7,2018,Dgiard,,,,,31,FH,L4-T2,9,,,,,,,,,,,,,,
90,31,7,2018,Dgiard,,,,,31,FH,L4-T2,10,,,,,,,,,,,,,,
91,31,7,2018,Dgiard,,,,,31,FH,L4-T2,11,,,,,,,,,,,,,,
92,31,7,2018,Dgiard,,,,,31,FH,L4-T2,12,,,,,,,,,,,,,,
93,31,7,2018,Dgiard,,,,,31,FH,L4-T2,13,,,,,,,,,,,,,,
94,31,7,2018,Dgiard,,,,,31,FH,L4-T2,14,,,,,,,,,,,,,,
95,31,7,2018,Dgiard,,,,,31,FH,L4-T2,15,m,44,,,,,,,,,,,,
96,31,7,2018,Dgiard,,,,,31,FH,L4-T2,16,,,,,,,,,,,,,,
97,31,7,2018,Dgiard,,,,,31,FH,L4-T2,17,,,,,,,,,,,,,,
98,31,7,2018,Dgiard,,,,,31,FH,L4-T2,18,,,,,,,,,,,,,,
99,31,7,2018,Dgiard,,,,,31,FH,L4-T2,19,,,,,,,,,,,,,,
100,31,7,2018,Dgiard,,,,,31,FH,L4-T2,20,,,,,,,,,,,,,,
101,31,7,2018,Bcomeau,,,,,31,FH,L4-T2,1,,,,,,,,,,,,,,
102,31,7,2018,Bcomeau,,,,,31,FH,L4-T2,2,,,,,,,,,,,,,,
103,31,7,2018,Bcomeau,,,,,31,FH,L4-T2,3,,,,,,,,,,,,,,
104,31,7,2018,Bcomeau,,,,,31,FH,L4-T2,4,,,,,,,,,,,,,,
105,31,7,2018,Bcomeau,,,,,31,FH,L4-T2,5,,,,,,,,,,,,,,
106,31,7,2018,Bcomeau,,,,,31,FH,L4-T2,6,,,,,,,,,,,,,,
107,31,7,2018,Bcomeau,,,,,31,FH,L4-T2,7,,,,,,,,,,,,,,
108,31,7,2018,Bcomeau,,,,,31,FH,L4-T2,8,,,,,,,,,,,,,,
109,31,7,2018,Bcomeau,,,,,31,FH,L4-T2,9,,,,,,,,,,,,,,
110,31,7,2018,Bcomeau,,,,,31,FH,L4-T2,10,,,,,,,,,,,,,,
111,31,7,2018,Bcomeau,,,,,31,FH,L4-T2,11,b1,73,,,,,,,,,,,,
112,31,7,2018,Bcomeau,,,,,31,FH,L4-T2,12,,,,,,,,,,,,,,
113,31,7,2018,Bcomeau,,,,,31,FH,L4-T2,13,f,67,,,,,,,,,,,,
114,31,7,2018,Bcomeau,,,,,31,FH,L4-T2,14,,,,,,,,,,,,,,
115,31,7,2018,Bcomeau,,,,,31,FH,L4-T2,15,,,,,,,,,,,,,,
116,31,7,2018,Bcomeau,,,,,31,FH,L4-T2,16,,,,,,,,,,,,,,
117,31,7,2018,Bcomeau,,,,,31,FH,L4-T2,17,,,,,,,,,,,,,,
118,31,7,2018,Bcomeau,,,,,31,FH,L4-T2,18,,,,,,,,,,,,,,
119,31,7,2018,Bcomeau,,,,,31,FH,L4-T2,19,,,,,,,,,,,,,,
120,31,7,2018,Bcomeau,,,,,31,FH,L4-T2,20,,,,,,,,,,,,,,
121,31,7,2018,Dgiard,,,,,29,FH,L4-T4,1,,,,,,,,,,,,,,
122,31,7,2018,Dgiard,,,,,29,FH,L4-T4,2,,,,,,,,,,,,,,
123,31,7,2018,Dgiard,,,,,29,FH,L4-T4,3,,,,,,,,,,,,,,
124,31,7,2018,Dgiard,,,,,29,FH,L4-T4,4,,,,,,,,,,,,,,
125,31,7,2018,Dgiard,,,,,29,FH,L4-T4,5,f,68,,,,,,,,,,,,
126,31,7,2018,Dgiard,,,,,29,FH,L4-T4,6,,,,,,,,,,,,,,
127,31,7,2018,Dgiard,,,,,29,FH,L4-T4,7,,,,,,,,,,,,,,
128,31,7,2018,Dgiard,,,,,29,FH,L4-T4,8,,,,,,,,,,,,,,
129,31,7,2018,Dgiard,,,,,29,FH,L4-T4,9,m,72,,,,,,,,,,,,
130,31,7,2018,Dgiard,,,,,29,FH,L4-T4,10,,,,,,,,,,,,,,
131,31,7,2018,Dgiard,,,,,29,FH,L4-T4,11,b1,79,,,,,,,,,,,,
132,31,7,2018,Dgiard,,,,,29,FH,L4-T4,12,,,,,,,,,,,,,,
133,31,7,2018,Dgiard,,,,,29,FH,L4-T4,13,,,,,,,,,,,,,,
134,31,7,2018,Dgiard,,,,,29,FH,L4-T4,14,,,,,,,,,,,,,,
135,31,7,2018,Dgiard,,,,,29,FH,L4-T4,15,m,52,,,,,,,,,,,,
136,31,7,2018,Dgiard,,,,,29,FH,L4-T4,16,,,,,,,,,,,,,,
137,31,7,2018,Dgiard,,,,,29,FH,L4-T4,17,,,,,,,,,,,,,,
138,31,7,2018,Dgiard,,,,,29,FH,L4-T4,18,,,,,,,,,,,,,,
139,31,7,2018,Dgiard,,,,,29,FH,L4-T4,19,,,,,,,,,,,,,,
140,31,7,2018,Dgiard,,,,,29,FH,L4-T4,20,,,,,,,,,,,,,,
141,31,7,2018,Bcomeau,,,,,29,FH,L4-T4,1,f,80,,,,,,,,,,,,
142,31,7,2018,Bcomeau,,,,,29,FH,L4-T4,2,m,87,,,,,,,,,,,,
143,31,7,2018,Bcomeau,,,,,29,FH,L4-T4,3,m,52,,,,,,,,,,,,
144,31,7,2018,Bcomeau,,,,,29,FH,L4-T4,4,,,,,,,,,,,,,,
145,31,7,2018,Bcomeau,,,,,29,FH,L4-T4,5,,,,,,,,,,,,,,
146,31,7,2018,Bcomeau,,,,,29,FH,L4-T4,6,m,48,,,,,,,,,,,,
147,31,7,2018,Bcomeau,,,,,29,FH,L4-T4,7,,,,,,,,,,,,,,
148,31,7,2018,Bcomeau,,,,,29,FH,L4-T4,8,,,,,,,,,,,,,,
149,31,7,2018,Bcomeau,,,,,29,FH,L4-T4,9,,,,,,,,,,,,,,
150,31,7,2018,Bcomeau,,,,,29,FH,L4-T4,10,,,,,,,,,,,,,,
151,31,7,2018,Bcomeau,,,,,29,FH,L4-T4,11,f,76,,,,,,,,,,,,
152,31,7,2018,Bcomeau,,,,,29,FH,L4-T4,12,,,,,,,,,,,,,,
153,31,7,2018,Bcomeau,,,,,29,FH,L4-T4,13,,,,,,,,,,,,,,
154,31,7,2018,Bcomeau,,,,,29,FH,L4-T4,14,m,45,,,,,,,,,,,,
155,31,7,2018,Bcomeau,,,,,29,FH,L4-T4,15,,,,,,,,,,,,,,
156,31,7,2018,Bcomeau,,,,,29,FH,L4-T4,16,,,,,,,,,,,,,,
157,31,7,2018,Bcomeau,,,,,29,FH,L4-T4,17,,,,,,,,,,,,,,
158,31,7,2018,Bcomeau,,,,,29,FH,L4-T4,18,,,,,,,,,,,,,,
159,31,7,2018,Bcomeau,,,,,29,FH,L4-T4,19,f,80,,,,,,,,,,,,
160,31,7,2018,Bcomeau,,,,,29,FH,L4-T4,20,,,,,,,,,,,,,,
