REG,Marker ,Jour,Mois,Année,Plongeur,Depth_(ft),Site,Transect,section,sexe,LC_(mm),Sa,Va,Du,Al,Gr,Ca,C,MartinMallet,UPM
MC,1,24,7,2017,Mcomeau,17,MC,2,1,m,38,,,,,,,,0,0
MC,2,24,7,2017,Mcomeau,17,MC,2,1,f,40,,,,,,,,0,0
MC,3,24,7,2017,Mcomeau,17,MC,2,2,,,,,,,,,,0,0
MC,4,24,7,2017,Mcomeau,17,MC,2,3,,,,,,,,,,0,0
MC,5,24,7,2017,Mcomeau,17,MC,2,4,m,61,,,,,,,,0,0
MC,6,24,7,2017,Mcomeau,17,MC,2,4,m,25,,,,,,,,0,0
MC,7,24,7,2017,Mcomeau,17,MC,2,4,f,26,,,,,,,,0,0
MC,8,24,7,2017,Mcomeau,17,MC,2,5,f,26,,,,,,,,0,0
MC,9,24,7,2017,Mcomeau,17,MC,2,6,f,35,,,,,,,,0,0
MC,10,24,7,2017,Mcomeau,17,MC,2,6,f,35,,,,,,,,0,0
MC,11,24,7,2017,Mcomeau,17,MC,2,6,m,50,,,,,,,,0,0
MC,12,24,7,2017,Mcomeau,17,MC,2,6,m,55,,,,,,,,0,0
MC,13,24,7,2017,Mcomeau,17,MC,2,7,m,40,,,,,,,,0,0
MC,14,24,7,2017,Mcomeau,17,MC,2,8,f,70,,,,,,,,0,0
MC,15,24,7,2017,Mcomeau,17,MC,2,8,m,37,,,,,,,,0,0
MC,16,24,7,2017,Mcomeau,17,MC,2,9,,,,,,,,,,0,0
MC,17,24,7,2017,Mcomeau,17,MC,2,10,f,41,,,,,,,,0,0
MC,18,24,7,2017,Mcomeau,17,MC,2,11,f,23,,,,,,,,0,0
MC,19,24,7,2017,Mcomeau,17,MC,2,11,f,36,,,,,,,,0,0
MC,20,24,7,2017,Mcomeau,17,MC,2,11,f,32,,,,,,,,0,0
MC,21,24,7,2017,Mcomeau,17,MC,2,11,m,27,,,,,,,,0,0
MC,22,24,7,2017,Mcomeau,17,MC,2,11,f,32,,,,,,,,0,0
MC,23,24,7,2017,Mcomeau,17,MC,2,11,f,44,,,,,,,,0,0
MC,24,24,7,2017,Mcomeau,17,MC,2,12,m,67,,,,,,,,0,0
MC,25,24,7,2017,Mcomeau,17,MC,2,13,f,38,,,,,,,,0,0
MC,26,24,7,2017,Mcomeau,17,MC,2,13,m,27,,,,,,,,0,0
MC,27,24,7,2017,Mcomeau,17,MC,2,13,m,38,,,,,,,,0,0
MC,28,24,7,2017,Mcomeau,17,MC,2,13,m,24,,,,,,,,0,0
MC,29,24,7,2017,Mcomeau,17,MC,2,14,f,26,,,,,,,,0,0
MC,30,24,7,2017,Mcomeau,17,MC,2,14,f,40,,,,,,,,0,0
MC,31,24,7,2017,Mcomeau,17,MC,2,14,m,49,,,,,,,,0,0
MC,32,24,7,2017,Mcomeau,17,MC,2,15,f,42,,,,,,,,0,0
MC,33,24,7,2017,Mcomeau,17,MC,2,15,f,31,,,,,,,,0,0
MC,34,24,7,2017,Mcomeau,17,MC,2,15,m,42,,,,,,,,0,0
MC,35,24,7,2017,Mcomeau,17,MC,2,15,m,37,,,,,,,,0,0
MC,36,24,7,2017,Mcomeau,17,MC,2,15,m,42,,,,,,,,0,0
MC,37,24,7,2017,Mcomeau,17,MC,2,16,,,,,,,,,,0,0
MC,38,24,7,2017,Mcomeau,17,MC,2,17,f,30,,,,,,,,0,0
MC,39,24,7,2017,Mcomeau,17,MC,2,17,f,27,,,,,,,,0,0
MC,40,24,7,2017,Mcomeau,17,MC,2,17,f,50,,,,,,,,0,0
MC,41,24,7,2017,Mcomeau,17,MC,2,18,,,,,,,,,,0,0
MC,42,24,7,2017,Mcomeau,17,MC,2,19,f,31,,,,,,,,0,0
MC,43,24,7,2017,Mcomeau,17,MC,2,19,f,32,,,,,,,,0,0
MC,44,24,7,2017,Mcomeau,17,MC,2,20,m,34,,,,,,,,0,0
MC,45,24,7,2017,Mcomeau,17,MC,2,20,f,42,,,,,,,,0,0
MC,46,24,7,2017,Mcomeau,17,MC,2,20,f,45,,,,,,,,0,0
MC,47,24,7,2017,Dgiard,17,MC,2,1,m,54,,,,,,,,0,0
MC,48,24,7,2017,Dgiard,17,MC,2,1,m,46,,,,,,,,0,0
MC,49,24,7,2017,Dgiard,17,MC,2,2,f,49,,,,,,,,0,0
MC,50,24,7,2017,Dgiard,17,MC,2,3,f,49,,,,,,,,0,0
MC,51,24,7,2017,Dgiard,17,MC,2,3,i,25,,,,,,,,0,0
MC,52,24,7,2017,Dgiard,17,MC,2,4,f,46,,,,,,,,0,0
MC,53,24,7,2017,Dgiard,17,MC,2,5,m,26,,,,,,,,0,0
MC,54,24,7,2017,Dgiard,17,MC,2,6,m,45,,,,,,,,0,0
MC,55,24,7,2017,Dgiard,17,MC,2,6,m,47,,,,,,,,0,0
MC,56,24,7,2017,Dgiard,17,MC,2,6,i,24,,,,,,,,0,0
MC,57,24,7,2017,Dgiard,17,MC,2,7,f,26,,,,,,,,0,0
MC,58,24,7,2017,Dgiard,17,MC,2,8,f,49,,,,,,,,0,0
MC,59,24,7,2017,Dgiard,17,MC,2,9,,,,,,,,,,0,0
MC,60,24,7,2017,Dgiard,17,MC,2,10,m,39,,,,,,,,0,0
MC,61,24,7,2017,Dgiard,17,MC,2,11,m,42,,,,,,,,0,0
MC,62,24,7,2017,Dgiard,17,MC,2,11,f,75,,,,,,,,0,0
MC,63,24,7,2017,Dgiard,17,MC,2,12,f,46,,,,,,,,0,0
MC,64,24,7,2017,Dgiard,17,MC,2,12,m,58,,,,,,,,0,0
MC,65,24,7,2017,Dgiard,17,MC,2,12,m,33,,,,,,,,0,0
MC,66,24,7,2017,Dgiard,17,MC,2,13,f,50,,,,,,,,0,0
MC,67,24,7,2017,Dgiard,17,MC,2,14,f,44,,,,,,,,0,0
MC,68,24,7,2017,Dgiard,17,MC,2,14,m,38,,,,,,,,0,0
MC,69,24,7,2017,Dgiard,17,MC,2,14,m,55,,,,,,,,0,0
MC,70,24,7,2017,Dgiard,17,MC,2,15,f,34,,,,,,,,0,0
MC,71,24,7,2017,Dgiard,17,MC,2,16,m,39,,,,,,,,0,0
MC,72,24,7,2017,Dgiard,17,MC,2,17,m,61,,,,,,,,0,0
MC,73,24,7,2017,Dgiard,17,MC,2,18,i,25,,,,,,,,0,0
MC,74,24,7,2017,Dgiard,17,MC,2,18,f,33,,,,,,,,0,0
MC,75,24,7,2017,Dgiard,17,MC,2,19,m,35,,,,,,,,0,0
MC,76,24,7,2017,Dgiard,17,MC,2,19,m,33,,,,,,,,0,0
MC,77,24,7,2017,Dgiard,17,MC,2,19,m,47,,,,,,,,0,0
MC,78,24,7,2017,Dgiard,17,MC,2,19,f,49,,,,,,,,0,0
MC,79,24,7,2017,Dgiard,17,MC,2,19,m,30,,,,,,,,0,0
MC,80,24,7,2017,Dgiard,17,MC,2,20,m,56,,,,,,,,0,0
MC,81,24,7,2017,Dgiard,17,MC,2,20,m,32,,,,,,,,0,0
MC,82,24,7,2017,Dgiard,17,MC,2,20,m,45,,,,,,,,0,0
MC,83,24,7,2017,Mcomeau,19,MC,4,1,,,,,,,,,,0,0
MC,84,24,7,2017,Mcomeau,19,MC,4,2,m,32,,,,,,,,0,0
MC,85,24,7,2017,Mcomeau,19,MC,4,3,f,68,,,,,,,,0,0
MC,86,24,7,2017,Mcomeau,19,MC,4,3,m,45,,,,,,,,0,0
MC,87,24,7,2017,Mcomeau,19,MC,4,4,f,29,,,,,,,,0,0
MC,88,24,7,2017,Mcomeau,19,MC,4,4,m,47,,,,,,,,0,0
MC,89,24,7,2017,Mcomeau,19,MC,4,5,f,26,,,,,,,,0,0
MC,90,24,7,2017,Mcomeau,19,MC,4,5,f,51,,,,,,,,0,0
MC,91,24,7,2017,Mcomeau,19,MC,4,5,m,46,,,,,,,,0,0
MC,92,24,7,2017,Mcomeau,19,MC,4,6,f,52,,,,,,,,0,0
MC,93,24,7,2017,Mcomeau,19,MC,4,6,f,35,,,,,,,,0,0
MC,94,24,7,2017,Mcomeau,19,MC,4,7,f,34,,,,,,,,0,0
MC,95,24,7,2017,Mcomeau,19,MC,4,8,m,32,,,,,,,,0,0
MC,96,24,7,2017,Mcomeau,19,MC,4,9,f,40,,,,,,,,0,0
MC,97,24,7,2017,Mcomeau,19,MC,4,9,m,35,,,,,,,,0,0
MC,98,24,7,2017,Mcomeau,19,MC,4,10,f,44,,,,,,,,0,0
MC,99,24,7,2017,Mcomeau,19,MC,4,10,m,39,,,,,,,,0,0
MC,100,24,7,2017,Mcomeau,19,MC,4,10,m,67,,,,,,,,0,0
MC,101,24,7,2017,Mcomeau,19,MC,4,10,m,57,,,,,,,,0,0
MC,102,24,7,2017,Mcomeau,19,MC,4,11,m,28,,,,,,,,0,0
MC,103,24,7,2017,Mcomeau,19,MC,4,11,m,45,,,,,,,,0,0
MC,104,24,7,2017,Mcomeau,19,MC,4,12,m,35,,,,,,,,0,0
MC,105,24,7,2017,Mcomeau,19,MC,4,12,f,28,,,,,,,,0,0
MC,106,24,7,2017,Mcomeau,19,MC,4,12,f,36,,,,,,,,0,0
MC,107,24,7,2017,Mcomeau,19,MC,4,12,f,35,,,,,,,,0,0
MC,108,24,7,2017,Mcomeau,19,MC,4,13,f,48,,,,,,,,0,0
MC,109,24,7,2017,Mcomeau,19,MC,4,13,f,32,,,,,,,,0,0
MC,110,24,7,2017,Mcomeau,19,MC,4,14,,,,,,,,,,0,0
MC,111,24,7,2017,Mcomeau,19,MC,4,15,,,,,,,,,,0,0
MC,112,24,7,2017,Mcomeau,19,MC,4,16,f,33,,,,,,,,0,0
MC,113,24,7,2017,Mcomeau,19,MC,4,16,m,57,,,,,,,,0,0
MC,114,24,7,2017,Mcomeau,19,MC,4,17,f,45,,,,,,,,0,0
MC,115,24,7,2017,Mcomeau,19,MC,4,18,f,32,,,,,,,,0,0
MC,116,24,7,2017,Mcomeau,19,MC,4,18,m,46,,,,,,,,0,0
MC,117,24,7,2017,Mcomeau,19,MC,4,18,m,45,,,,,,,,0,0
MC,118,24,7,2017,Mcomeau,19,MC,4,19,f,45,,,,,,,,0,0
MC,119,24,7,2017,Mcomeau,19,MC,4,19,m,28,,,,,,,,0,0
MC,120,24,7,2017,Mcomeau,19,MC,4,20,f,24,,,,,,,,0,0
MC,121,24,7,2017,Dgiard,19,MC,4,1,,,,,,,,,,0,0
MC,122,24,7,2017,Dgiard,19,MC,4,2,m,36,,,,,,,,0,0
MC,123,24,7,2017,Dgiard,19,MC,4,2,f,48,,,,,,,,0,0
MC,124,24,7,2017,Dgiard,19,MC,4,2,m,43,,,,,,,,0,0
MC,125,24,7,2017,Dgiard,19,MC,4,2,m,50,,,,,,,,0,0
MC,126,24,7,2017,Dgiard,19,MC,4,3,m,31,,,,,,,,0,0
MC,127,24,7,2017,Dgiard,19,MC,4,4,f,51,,,,,,,,0,0
MC,128,24,7,2017,Dgiard,19,MC,4,4,m,35,,,,,,,,0,0
MC,129,24,7,2017,Dgiard,19,MC,4,5,f,34,,,,,,,,0,0
MC,130,24,7,2017,Dgiard,19,MC,4,5,m,46,,,,,,,,0,0
MC,131,24,7,2017,Dgiard,19,MC,4,5,m,48,,,,,,,,0,0
MC,132,24,7,2017,Dgiard,19,MC,4,5,f,51,,,,,,,,0,0
MC,133,24,7,2017,Dgiard,19,MC,4,6,m,41,,,,,,,,0,0
MC,134,24,7,2017,Dgiard,19,MC,4,7,f,38,,,,,,,,0,0
MC,135,24,7,2017,Dgiard,19,MC,4,8,m,45,,,,,,,,0,0
MC,136,24,7,2017,Dgiard,19,MC,4,9,f,38,,,,,,,,0,0
MC,137,24,7,2017,Dgiard,19,MC,4,9,m,44,,,,,,,,0,0
MC,138,24,7,2017,Dgiard,19,MC,4,9,f,42,,,,,,,,0,0
MC,139,24,7,2017,Dgiard,19,MC,4,10,m,57,,,,,,,,0,0
MC,140,24,7,2017,Dgiard,19,MC,4,11,f,43,,,,,,,,0,0
MC,141,24,7,2017,Dgiard,19,MC,4,11,m,56,,,,,,,,0,0
MC,142,24,7,2017,Dgiard,19,MC,4,12,f,34,,,,,,,,0,0
MC,143,24,7,2017,Dgiard,19,MC,4,12,m,50,,,,,,,,0,0
MC,144,24,7,2017,Dgiard,19,MC,4,12,m,47,,,,,,,,0,0
MC,145,24,7,2017,Dgiard,19,MC,4,12,f,46,,,,,,,,0,0
MC,146,24,7,2017,Dgiard,19,MC,4,13,m,42,,,,,,,,0,0
MC,147,24,7,2017,Dgiard,19,MC,4,14,m,45,,,,,,,,0,0
MC,148,24,7,2017,Dgiard,19,MC,4,15,m,48,,,,,,,,0,0
MC,149,24,7,2017,Dgiard,19,MC,4,16,f,30,,,,,,,,0,0
MC,150,24,7,2017,Dgiard,19,MC,4,16,m,46,,,,,,,,0,0
MC,151,24,7,2017,Dgiard,19,MC,4,17,m,44,,,,,,,,0,0
MC,152,24,7,2017,Dgiard,19,MC,4,18,m,31,,,,,,,,0,0
MC,153,24,7,2017,Dgiard,19,MC,4,19,,,,,,,,,,0,0
MC,154,24,7,2017,Dgiard,19,MC,4,20,m,44,,,,,,,,0,0
MC,155,24,7,2017,Mcomeau,19,MC,5,1,m,32,,,,,,,,0,0
MC,156,24,7,2017,Mcomeau,19,MC,5,1,f,45,,,,,,,,0,0
MC,157,24,7,2017,Mcomeau,19,MC,5,1,f,31,,,,,,,,0,0
MC,158,24,7,2017,Mcomeau,19,MC,5,2,f,38,,,,,,,,0,0
MC,159,24,7,2017,Mcomeau,19,MC,5,2,m,25,,,,,,,,0,0
MC,160,24,7,2017,Mcomeau,19,MC,5,2,m,35,,,,,,,,0,0
MC,161,24,7,2017,Mcomeau,19,MC,5,3,f,33,,,,,,,,0,0
MC,162,24,7,2017,Mcomeau,19,MC,5,3,m,25,,,,,,,,0,0
MC,163,24,7,2017,Mcomeau,19,MC,5,4,m,42,,,,,,,,0,0
MC,164,24,7,2017,Mcomeau,19,MC,5,4,m,42,,,,,,,,0,0
MC,165,24,7,2017,Mcomeau,19,MC,5,5,f,38,,,,,,,,0,0
MC,166,24,7,2017,Mcomeau,19,MC,5,5,f,27,,,,,,,,0,0
MC,167,24,7,2017,Mcomeau,19,MC,5,5,m,38,,,,,,,,0,0
MC,168,24,7,2017,Mcomeau,19,MC,5,5,m,58,,,,,,,,0,0
MC,169,24,7,2017,Mcomeau,19,MC,5,5,m,27,,,,,,,,0,0
MC,170,24,7,2017,Mcomeau,19,MC,5,5,m,36,,,,,,,,0,0
MC,171,24,7,2017,Mcomeau,19,MC,5,5,m,43,,,,,,,,0,0
MC,172,24,7,2017,Mcomeau,19,MC,5,6,m,25,,,,,,,,0,0
MC,173,24,7,2017,Mcomeau,19,MC,5,7,f,36,,,,,,,,0,0
MC,174,24,7,2017,Mcomeau,19,MC,5,7,m,33,,,,,,,,0,0
MC,175,24,7,2017,Mcomeau,19,MC,5,7,m,65,,,,,,,,0,0
MC,176,24,7,2017,Mcomeau,19,MC,5,8,f,42,,,,,,,,0,0
MC,177,24,7,2017,Mcomeau,19,MC,5,8,f,71,,,,,,,,0,0
MC,178,24,7,2017,Mcomeau,19,MC,5,9,m,34,,,,,,,,0,0
MC,179,24,7,2017,Mcomeau,19,MC,5,10,f,34,,,,,,,,0,0
MC,180,24,7,2017,Mcomeau,19,MC,5,10,f,41,,,,,,,,0,0
MC,181,24,7,2017,Mcomeau,19,MC,5,11,f,36,,,,,,,,0,0
MC,182,24,7,2017,Mcomeau,19,MC,5,11,m,35,,,,,,,,0,0
MC,183,24,7,2017,Mcomeau,19,MC,5,12,m,47,,,,,,,,0,0
MC,184,24,7,2017,Mcomeau,19,MC,5,12,f,38,,,,,,,,0,0
MC,185,24,7,2017,Mcomeau,19,MC,5,13,m,30,,,,,,,,0,0
MC,186,24,7,2017,Mcomeau,19,MC,5,14,m,37,,,,,,,,0,0
MC,187,24,7,2017,Mcomeau,19,MC,5,14,f,37,,,,,,,,0,0
MC,188,24,7,2017,Mcomeau,19,MC,5,15,,,,,,,,,,0,0
MC,189,24,7,2017,Mcomeau,19,MC,5,16,m,45,,,,,,,,0,0
MC,190,24,7,2017,Mcomeau,19,MC,5,17,,,,,,,,,,0,0
MC,191,24,7,2017,Mcomeau,19,MC,5,18,,,,,,,,,,0,0
MC,192,24,7,2017,Mcomeau,19,MC,5,19,,,,,,,,,,0,0
MC,193,24,7,2017,Mcomeau,19,MC,5,20,f,37,,,,,,,,0,0
MC,194,24,7,2017,Mcomeau,19,MC,5,20,m,43,,,,,,,,0,0
MC,195,24,7,2017,Dgiard,19,MC,5,1,,,,,,,,,,0,0
MC,196,24,7,2017,Dgiard,19,MC,5,2,m,42,,,,,,,,0,0
MC,197,24,7,2017,Dgiard,19,MC,5,2,f,36,,,,,,,,0,0
MC,198,24,7,2017,Dgiard,19,MC,5,2,f,49,,,,,,,,0,0
MC,199,24,7,2017,Dgiard,19,MC,5,2,m,65,,,,,,,,0,0
MC,200,24,7,2017,Dgiard,19,MC,5,3,m,59,,,,,,,,0,0
MC,201,24,7,2017,Dgiard,19,MC,5,3,m,43,,,,,,,,0,0
MC,202,24,7,2017,Dgiard,19,MC,5,4,f,45,,,,,,,,0,0
MC,203,24,7,2017,Dgiard,19,MC,5,5,m,42,,,,,,,,0,0
MC,204,24,7,2017,Dgiard,19,MC,5,5,f,35,,,,,,,,0,0
MC,205,24,7,2017,Dgiard,19,MC,5,5,m,53,,,,,,,,0,0
MC,206,24,7,2017,Dgiard,19,MC,5,6,m,44,,,,,,,,0,0
MC,207,24,7,2017,Dgiard,19,MC,5,6,f,70,,,,,,,,0,0
MC,208,24,7,2017,Dgiard,19,MC,5,6,f,36,,,,,,,,0,0
MC,209,24,7,2017,Dgiard,19,MC,5,6,f,42,,,,,,,,0,0
MC,210,24,7,2017,Dgiard,19,MC,5,7,m,50,,,,,,,,0,0
MC,211,24,7,2017,Dgiard,19,MC,5,7,m,31,,,,,,,,0,0
MC,212,24,7,2017,Dgiard,19,MC,5,8,m,37,,,,,,,,0,0
MC,213,24,7,2017,Dgiard,19,MC,5,8,f,39,,,,,,,,0,0
MC,214,24,7,2017,Dgiard,19,MC,5,8,m,43,,,,,,,,0,0
MC,215,24,7,2017,Dgiard,19,MC,5,9,f,46,,,,,,,,0,0
MC,216,24,7,2017,Dgiard,19,MC,5,9,m,42,,,,,,,,0,0
MC,217,24,7,2017,Dgiard,19,MC,5,10,f,45,,,,,,,,0,0
MC,218,24,7,2017,Dgiard,19,MC,5,11,f,36,,,,,,,,0,0
MC,219,24,7,2017,Dgiard,19,MC,5,12,m,44,,,,,,,,0,0
MC,220,24,7,2017,Dgiard,19,MC,5,12,m,26,,,,,,,,0,0
MC,221,24,7,2017,Dgiard,19,MC,5,13,f,52,,,,,,,,0,0
MC,222,24,7,2017,Dgiard,19,MC,5,13,m,37,,,,,,,,0,0
MC,223,24,7,2017,Dgiard,19,MC,5,13,m,29,,,,,,,,0,0
MC,224,24,7,2017,Dgiard,19,MC,5,14,m,37,,,,,,,,0,0
MC,225,24,7,2017,Dgiard,19,MC,5,15,f,34,,,,,,,,0,0
MC,226,24,7,2017,Dgiard,19,MC,5,15,f,36,,,,,,,,0,0
MC,227,24,7,2017,Dgiard,19,MC,5,16,m,53,,,,,,,,0,0
MC,228,24,7,2017,Dgiard,19,MC,5,16,f,70,,,,,,,,0,0
MC,229,24,7,2017,Dgiard,19,MC,5,17,,,,,,,,,,0,0
MC,230,24,7,2017,Dgiard,19,MC,5,18,m,42,,,,,,,,0,0
MC,231,24,7,2017,Dgiard,19,MC,5,19,f,36,,,,,,,,0,0
MC,232,24,7,2017,Dgiard,19,MC,5,20,,,,,,,,,,0,0
PV,233,18,7,2017,Rdoucette,30,PV,C3,1,f,72,,,,,,,,0,0
PV,234,18,7,2017,Rdoucette,30,PV,C3,1,f,29,,,,,,,,0,0
PV,235,18,7,2017,Rdoucette,30,PV,C3,1,f,45,,,,,,,,0,0
PV,236,18,7,2017,Rdoucette,30,PV,C3,1,m,78,,,,,,,,0,0
PV,237,18,7,2017,Rdoucette,30,PV,C3,1,i,20,,,,,,,,0,0
PV,238,18,7,2017,Rdoucette,30,PV,C3,1,i,12,,,,,,,,0,0
PV,239,18,7,2017,Rdoucette,30,PV,C3,1,i,18,,,,,,,,0,0
PV,240,18,7,2017,Rdoucette,30,PV,C3,1,i,13,,,,,,,,0,0
PV,241,18,7,2017,Rdoucette,30,PV,C3,3,m,47,,,,,,,,0,0
PV,242,18,7,2017,Rdoucette,30,PV,C3,3,f,51,,,,,,,,0,0
PV,243,18,7,2017,Rdoucette,30,PV,C3,3,i,12,,,,,,,,0,0
PV,244,18,7,2017,Rdoucette,30,PV,C3,3,m,18,,,,,,,,0,0
PV,245,18,7,2017,Rdoucette,30,PV,C3,3,f,21,,,,,,,,0,0
PV,246,18,7,2017,Rdoucette,30,PV,C3,3,f,55,,,,,,,,0,0
PV,247,18,7,2017,Rdoucette,30,PV,C3,3,i,12,,,,,,,,0,0
PV,248,18,7,2017,Rdoucette,30,PV,C3,3,i,10,,,,,,,,0,0
PV,249,18,7,2017,Rdoucette,30,PV,C3,3,i,15,,,,,,,,0,0
PV,250,18,7,2017,Rdoucette,30,PV,C3,3,m,28,,,,,,,,0,0
PV,251,18,7,2017,Rdoucette,30,PV,C3,3,f,40,,,,,,,,0,0
PV,252,18,7,2017,Rdoucette,30,PV,C3,3,f,22,,,,,,,,0,0
PV,253,18,7,2017,Rdoucette,30,PV,C3,3,f,39,,,,,,,,0,0
PV,254,18,7,2017,Rdoucette,30,PV,C3,3,f,25,,,,,,,,0,0
PV,255,18,7,2017,Rdoucette,30,PV,C3,3,f,31,,,,,,,,0,0
PV,256,18,7,2017,Rdoucette,30,PV,C3,3,m,75,,,,,,,,0,0
PV,257,18,7,2017,Rdoucette,30,PV,C3,3,m,36,,,,,,,,0,0
PV,258,18,7,2017,Rdoucette,30,PV,C3,3,m,23,,,,,,,,0,0
PV,259,18,7,2017,Rdoucette,30,PV,C3,3,f,68,,,,,,,,0,0
PV,260,18,7,2017,Rdoucette,30,PV,C3,4,i,17,,,,,,,,0,0
PV,261,18,7,2017,Rdoucette,30,PV,C3,4,i,18,,,,,,,,0,0
PV,262,18,7,2017,Rdoucette,30,PV,C3,4,i,20,,,,,,,,0,0
PV,263,18,7,2017,Rdoucette,30,PV,C3,4,i,8,,,,,,,,0,0
PV,264,18,7,2017,Rdoucette,30,PV,C3,4,i,18,,,,,,,,0,0
PV,265,18,7,2017,Rdoucette,30,PV,C3,4,i,10,,,,,,,,0,0
PV,266,18,7,2017,Rdoucette,30,PV,C3,4,i,12,,,,,,,,0,0
PV,267,18,7,2017,Rdoucette,30,PV,C3,4,f,27,,,,,,,,0,0
PV,268,18,7,2017,Rdoucette,30,PV,C3,4,f,33,,,,,,,,0,0
PV,269,18,7,2017,Rdoucette,30,PV,C3,4,m,24,,,,,,,,0,0
PV,270,18,7,2017,Rdoucette,30,PV,C3,4,f,25,,,,,,,,0,0
PV,271,18,7,2017,Rdoucette,30,PV,C3,4,m,21,,,,,,,,0,0
PV,272,18,7,2017,Rdoucette,30,PV,C3,4,m,42,,,,,,,,0,0
PV,273,18,7,2017,Rdoucette,30,PV,C3,4,m,27,,,,,,,,0,0
PV,274,18,7,2017,Rdoucette,30,PV,C3,4,f,33,,,,,,,,0,0
PV,275,18,7,2017,Rdoucette,30,PV,C3,4,f,25,,,,,,,,0,0
PV,276,18,7,2017,Rdoucette,30,PV,C3,5,i,10,,,,,,,,0,0
PV,277,18,7,2017,Rdoucette,30,PV,C3,5,i,19,,,,,,,,0,0
PV,278,18,7,2017,Rdoucette,30,PV,C3,5,i,12,,,,,,,,0,0
PV,279,18,7,2017,Rdoucette,30,PV,C3,5,i,12,,,,,,,,0,0
PV,280,18,7,2017,Rdoucette,30,PV,C3,5,i,18,,,,,,,,0,0
PV,281,18,7,2017,Rdoucette,30,PV,C3,5,i,18,,,,,,,,0,0
PV,282,18,7,2017,Rdoucette,30,PV,C3,5,i,18,,,,,,,,0,0
PV,283,18,7,2017,Rdoucette,30,PV,C3,5,f,24,,,,,,,,0,0
PV,284,18,7,2017,Rdoucette,30,PV,C3,5,m,60,,,,,,,,0,0
PV,285,18,7,2017,Rdoucette,30,PV,C3,5,f,25,,,,,,,,0,0
PV,286,18,7,2017,Rdoucette,30,PV,C3,5,m,22,,,,,,,,0,0
PV,287,18,7,2017,Rdoucette,30,PV,C3,5,m,47,,,,,,,,0,0
PV,288,18,7,2017,Rdoucette,30,PV,C3,5,m,23,,,,,,,,0,0
PV,289,18,7,2017,Rdoucette,30,PV,C3,5,f,37,,,,,,,,0,0
PV,290,18,7,2017,Rdoucette,30,PV,C3,5,f,25,,,,,,,,0,0
PV,291,18,7,2017,Rdoucette,30,PV,C3,5,f,58,,,,,,,,0,0
PV,292,18,7,2017,Rdoucette,30,PV,C3,5,m,42,,,,,,,,0,0
PV,293,18,7,2017,Rdoucette,30,PV,C3,5,f,56,,,,,,,,0,0
PV,294,18,7,2017,Rdoucette,30,PV,C3,5,f,22,,,,,,,,0,0
PV,295,18,7,2017,Rdoucette,30,PV,C3,5,f,21,,,,,,,,0,0
PV,296,18,7,2017,Rdoucette,30,PV,C3,5,m,20,,,,,,,,0,0
PV,297,18,7,2017,Rdoucette,30,PV,C3,5,m,65,,,,,,,,0,0
PV,298,18,7,2017,Rdoucette,30,PV,C3,5,m,50,,,,,,,,0,0
PV,299,18,7,2017,Rdoucette,30,PV,C3,5,f,30,,,,,,,,0,0
PV,300,18,7,2017,Rdoucette,30,PV,C3,6,i,17,,,,,,,,0,0
PV,301,18,7,2017,Rdoucette,30,PV,C3,6,i,16,,,,,,,,0,0
PV,302,18,7,2017,Rdoucette,30,PV,C3,6,i,19,,,,,,,,0,0
PV,303,18,7,2017,Rdoucette,30,PV,C3,6,i,12,,,,,,,,0,0
PV,304,18,7,2017,Rdoucette,30,PV,C3,6,i,15,,,,,,,,0,0
PV,305,18,7,2017,Rdoucette,30,PV,C3,6,f,54,,,,,,,,0,0
PV,306,18,7,2017,Rdoucette,30,PV,C3,6,f,29,,,,,,,,0,0
PV,307,18,7,2017,Rdoucette,30,PV,C3,6,m,26,,,,,,,,0,0
PV,308,18,7,2017,Rdoucette,30,PV,C3,6,m,20,,,,,,,,0,0
PV,309,18,7,2017,Rdoucette,30,PV,C3,6,m,20,,,,,,,,0,0
PV,310,18,7,2017,Rdoucette,30,PV,C3,6,f,50,,,,,,,,0,0
PV,311,18,7,2017,Rdoucette,30,PV,C3,6,f,31,,,,,,,,0,0
PV,312,18,7,2017,Rdoucette,30,PV,C3,6,m,25,,,,,,,,0,0
PV,313,18,7,2017,Rdoucette,30,PV,C3,6,f,29,,,,,,,,0,0
PV,314,18,7,2017,Rdoucette,30,PV,C3,7,i,13,,,,,,,,0,0
PV,315,18,7,2017,Rdoucette,30,PV,C3,7,i,18,,,,,,,,0,0
PV,316,18,7,2017,Rdoucette,30,PV,C3,7,i,10,,,,,,,,0,0
PV,317,18,7,2017,Rdoucette,30,PV,C3,7,i,17,,,,,,,,0,0
PV,318,18,7,2017,Rdoucette,30,PV,C3,7,i,13,,,,,,,,0,0
PV,319,18,7,2017,Rdoucette,30,PV,C3,7,i,17,,,,,,,,0,0
PV,320,18,7,2017,Rdoucette,30,PV,C3,7,i,15,,,,,,,,0,0
PV,321,18,7,2017,Rdoucette,30,PV,C3,7,m,69,,,,,,,,0,0
PV,322,18,7,2017,Rdoucette,30,PV,C3,7,f,28,,,,,,,,0,0
PV,323,18,7,2017,Rdoucette,30,PV,C3,7,f,25,,,,,,,,0,0
PV,324,18,7,2017,Rdoucette,30,PV,C3,7,m,53,,,,,,,,0,0
PV,325,18,7,2017,Rdoucette,30,PV,C3,7,m,28,,,,,,,,0,0
PV,326,18,7,2017,Rdoucette,30,PV,C3,7,m,28,,,,,,,,0,0
PV,327,18,7,2017,Rdoucette,30,PV,C3,7,m,43,,,,,,,,0,0
PV,328,18,7,2017,Rdoucette,30,PV,C3,7,f,62,,,,,,,,0,0
PV,329,18,7,2017,Rdoucette,30,PV,C3,7,f,43,,,,,,,,0,0
PV,330,18,7,2017,Rdoucette,30,PV,C3,7,m,46,,,,,,,,0,0
PV,331,18,7,2017,Rdoucette,30,PV,C3,7,m,24,,,,,,,,0,0
PV,332,18,7,2017,Rdoucette,30,PV,C3,8,i,15,,,,,,,,0,0
PV,333,18,7,2017,Rdoucette,30,PV,C3,8,i,12,,,,,,,,0,0
PV,334,18,7,2017,Rdoucette,30,PV,C3,8,m,42,,,,,,,,0,0
PV,335,18,7,2017,Rdoucette,30,PV,C3,8,f,23,,,,,,,,0,0
PV,336,18,7,2017,Rdoucette,30,PV,C3,8,m,46,,,,,,,,0,0
PV,337,18,7,2017,Rdoucette,30,PV,C3,8,f,35,,,,,,,,0,0
PV,338,18,7,2017,Rdoucette,30,PV,C3,8,f,41,,,,,,,,0,0
PV,339,18,7,2017,Rdoucette,30,PV,C3,8,f,31,,,,,,,,0,0
PV,340,18,7,2017,Rdoucette,30,PV,C3,8,f,22,,,,,,,,0,0
PV,341,18,7,2017,Rdoucette,30,PV,C3,8,m,20,,,,,,,,0,0
PV,342,18,7,2017,Rdoucette,30,PV,C3,8,f,25,,,,,,,,0,0
PV,343,18,7,2017,Rdoucette,30,PV,C3,8,m,21,,,,,,,,0,0
PV,344,18,7,2017,Rdoucette,30,PV,C3,8,f,43,,,,,,,,0,0
PV,345,18,7,2017,Rdoucette,30,PV,C3,8,f,29,,,,,,,,0,0
PV,346,18,7,2017,Rdoucette,30,PV,C3,8,f,32,,,,,,,,0,0
PV,347,18,7,2017,Rdoucette,30,PV,C3,8,m,46,,,,,,,,0,0
PV,348,18,7,2017,Rdoucette,30,PV,C3,8,m,24,,,,,,,,0,0
PV,349,18,7,2017,Rdoucette,30,PV,C3,8,f,35,,,,,,,,0,0
PV,350,18,7,2017,Rdoucette,30,PV,C3,8,m,28,,,,,,,,0,0
PV,351,18,7,2017,Rdoucette,30,PV,C3,12,i,12,,,,,,,,0,0
PV,352,18,7,2017,Rdoucette,30,PV,C3,12,f,53,,,,,,,,0,0
PV,353,18,7,2017,Rdoucette,30,PV,C3,12,m,32,,,,,,,,0,0
PV,354,18,7,2017,Rdoucette,30,PV,C3,12,i,70,,,,,,,,0,0
PV,355,18,7,2017,Rdoucette,30,PV,C3,12,m,57,,,,,,,,0,0
PV,356,18,7,2017,Rdoucette,30,PV,C3,12,i,12,,,,,,,,0,0
PV,357,18,7,2017,Dgiard,30,PV,C3,1,i,11,,,,,,,,0,0
PV,358,18,7,2017,Dgiard,30,PV,C3,1,i,22,,,,,,,,0,0
PV,359,18,7,2017,Dgiard,30,PV,C3,1,i,26,,,,,,,,0,0
PV,360,18,7,2017,Dgiard,30,PV,C3,1,f,105,,,,,,,,0,0
PV,361,18,7,2017,Dgiard,30,PV,C3,1,m,43,,,,,,,,0,0
PV,362,18,7,2017,Dgiard,30,PV,C3,1,m,71,,,,,,,,0,0
PV,363,18,7,2017,Dgiard,30,PV,C3,1,m,30,,,,,,,,0,0
PV,364,18,7,2017,Dgiard,30,PV,C3,1,f,41,,,,,,,,0,0
PV,365,18,7,2017,Dgiard,30,PV,C3,1,i,23,,,,,,,,0,0
PV,366,18,7,2017,Dgiard,30,PV,C3,2,m,72,,,,,,,,0,0
PV,367,18,7,2017,Dgiard,30,PV,C3,2,i,12,,,,,,,,0,0
PV,368,18,7,2017,Dgiard,30,PV,C3,2,f,79,,,,,,,,0,0
PV,369,18,7,2017,Dgiard,30,PV,C3,2,i,13,,,,,,,,0,0
PV,370,18,7,2017,Dgiard,30,PV,C3,2,m,51,,,,,,,,0,0
PV,371,18,7,2017,Dgiard,30,PV,C3,3,f,30,,,,,,,,0,0
PV,372,18,7,2017,Dgiard,30,PV,C3,3,i,22,,,,,,,,0,0
PV,373,18,7,2017,Dgiard,30,PV,C3,3,m,74,,,,,,,,0,0
PV,374,18,7,2017,Dgiard,30,PV,C3,3,f,45,,,,,,,,0,0
PV,375,18,7,2017,Dgiard,30,PV,C3,3,i,17,,,,,,,,0,0
PV,376,18,7,2017,Dgiard,30,PV,C3,3,i,12,,,,,,,,0,0
PV,377,18,7,2017,Dgiard,30,PV,C3,3,i,16,,,,,,,,0,0
PV,378,18,7,2017,Dgiard,30,PV,C3,3,i,24,,,,,,,,0,0
PV,379,18,7,2017,Dgiard,30,PV,C3,3,i,16,,,,,,,,0,0
PV,380,18,7,2017,Dgiard,30,PV,C3,3,i,14,,,,,,,,0,0
PV,381,18,7,2017,Dgiard,30,PV,C3,3,i,13,,,,,,,,0,0
PV,382,18,7,2017,Dgiard,30,PV,C3,3,m,42,,,,,,,,0,0
PV,383,18,7,2017,Dgiard,30,PV,C3,3,f,36,,,,,,,,0,0
PV,384,18,7,2017,Dgiard,30,PV,C3,3,m,31,,,,,,,,0,0
PV,385,18,7,2017,Dgiard,30,PV,C3,3,m,52,,,,,,,,0,0
PV,386,18,7,2017,Dgiard,30,PV,C3,3,f,44,,,,,,,,0,0
PV,387,18,7,2017,Dgiard,30,PV,C3,3,f,38,,,,,,,,0,0
PV,388,18,7,2017,Dgiard,30,PV,C3,4,i,10,,,,,,,,0,0
PV,389,18,7,2017,Dgiard,30,PV,C3,4,i,23,,,,,,,,0,0
PV,390,18,7,2017,Dgiard,30,PV,C3,4,i,21,,,,,,,,0,0
PV,391,18,7,2017,Dgiard,30,PV,C3,4,i,19,,,,,,,,0,0
PV,392,18,7,2017,Dgiard,30,PV,C3,4,i,22,,,,,,,,0,0
PV,393,18,7,2017,Dgiard,30,PV,C3,4,i,12,,,,,,,,0,0
PV,394,18,7,2017,Dgiard,30,PV,C3,4,i,23,,,,,,,,0,0
PV,395,18,7,2017,Dgiard,30,PV,C3,4,i,18,,,,,,,,0,0
PV,396,18,7,2017,Dgiard,30,PV,C3,4,i,24,,,,,,,,0,0
PV,397,18,7,2017,Dgiard,30,PV,C3,4,f,26,,,,,,,,0,0
PV,398,18,7,2017,Dgiard,30,PV,C3,4,f,44,,,,,,,,0,0
PV,399,18,7,2017,Dgiard,30,PV,C3,4,m,31,,,,,,,,0,0
PV,400,18,7,2017,Dgiard,30,PV,C3,4,m,60,,,,,,,,0,0
PV,401,18,7,2017,Dgiard,30,PV,C3,4,f,34,,,,,,,,0,0
PV,402,18,7,2017,Dgiard,30,PV,C3,4,f,40,,,,,,,,0,0
PV,403,18,7,2017,Dgiard,30,PV,C3,4,f,33,,,,,,,,0,0
PV,404,18,7,2017,Dgiard,30,PV,C3,4,m,43,,,,,,,,0,0
PV,405,18,7,2017,Dgiard,30,PV,C3,4,f,39,,,,,,,,0,0
PV,406,18,7,2017,Dgiard,30,PV,C3,4,m,68,,,,,,,,0,0
PV,407,18,7,2017,Dgiard,30,PV,C3,4,f,32,,,,,,,,0,0
PV,408,18,7,2017,Dgiard,30,PV,C3,4,f,28,,,,,,,,0,0
PV,409,18,7,2017,Dgiard,30,PV,C3,5,m,55,,,,,,,,0,0
PV,410,18,7,2017,Dgiard,30,PV,C3,5,m,54,,,,,,,,0,0
PV,411,18,7,2017,Dgiard,30,PV,C3,5,f,23,,,,,,,,0,0
PV,412,18,7,2017,Dgiard,30,PV,C3,5,f,33,,,,,,,,0,0
PV,413,18,7,2017,Dgiard,30,PV,C3,5,m,36,,,,,,,,0,0
PV,414,18,7,2017,Dgiard,30,PV,C3,5,m,32,,,,,,,,0,0
PV,415,18,7,2017,Dgiard,30,PV,C3,5,m,46,,,,,,,,0,0
PV,416,18,7,2017,Dgiard,30,PV,C3,5,i,22,,,,,,,,0,0
PV,417,18,7,2017,Dgiard,30,PV,C3,5,i,10,,,,,,,,0,0
PV,418,18,7,2017,Dgiard,30,PV,C3,5,m,31,,,,,,,,0,0
PV,419,18,7,2017,Dgiard,30,PV,C3,5,i,24,,,,,,,,0,0
PV,420,18,7,2017,Dgiard,30,PV,C3,5,i,8,,,,,,,,0,0
PV,421,18,7,2017,Dgiard,30,PV,C3,5,i,13,,,,,,,,0,0
PV,422,18,7,2017,Dgiard,30,PV,C3,5,m,55,,,,,,,,0,0
PV,423,18,7,2017,Dgiard,30,PV,C3,5,m,68,,,,,,,,0,0
PV,424,18,7,2017,Dgiard,30,PV,C3,5,m,26,,,,,,,,0,0
PV,425,18,7,2017,Dgiard,30,PV,C3,5,m,31,,,,,,,,0,0
PV,426,18,7,2017,Dgiard,30,PV,C3,5,i,14,,,,,,,,0,0
PV,427,18,7,2017,Dgiard,30,PV,C3,5,f,40,,,,,,,,0,0
PV,428,18,7,2017,Dgiard,30,PV,C3,5,m,48,,,,,,,,0,0
PV,429,18,7,2017,Dgiard,30,PV,C3,5,i,23,,,,,,,,0,0
PV,430,18,7,2017,Dgiard,30,PV,C3,5,i,16,,,,,,,,0,0
PV,431,18,7,2017,Dgiard,30,PV,C3,5,m,30,,,,,,,,0,0
PV,432,18,7,2017,Dgiard,30,PV,C3,5,i,8,,,,,,,,0,0
PV,433,18,7,2017,Dgiard,30,PV,C3,5,f,65,,,,,,,,0,0
PV,434,18,7,2017,Dgiard,30,PV,C3,6,i,11,,,,,,,,0,0
PV,435,18,7,2017,Dgiard,30,PV,C3,6,i,6,,,,,,,,0,0
PV,436,18,7,2017,Dgiard,30,PV,C3,6,f,34,,,,,,,,0,0
PV,437,18,7,2017,Dgiard,30,PV,C3,6,i,10,,,,,,,,0,0
PV,438,18,7,2017,Dgiard,30,PV,C3,6,i,12,,,,,,,,0,0
PV,439,18,7,2017,Dgiard,30,PV,C3,6,i,18,,,,,,,,0,0
PV,440,18,7,2017,Dgiard,30,PV,C3,6,f,52,,,,,,,,0,0
PV,441,18,7,2017,Dgiard,30,PV,C3,6,m,36,,,,,,,,0,0
PV,442,18,7,2017,Dgiard,30,PV,C3,6,f,26,,,,,,,,0,0
PV,443,18,7,2017,Dgiard,30,PV,C3,6,i,14,,,,,,,,0,0
PV,444,18,7,2017,Dgiard,30,PV,C3,6,i,22,,,,,,,,0,0
PV,445,18,7,2017,Dgiard,30,PV,C3,6,i,20,,,,,,,,0,0
PV,446,18,7,2017,Dgiard,30,PV,C3,6,m,42,,,,,,,,0,0
PV,447,18,7,2017,Dgiard,30,PV,C3,6,f,32,,,,,,,,0,0
PV,448,18,7,2017,Dgiard,30,PV,C3,6,m,52,,,,,,,,0,0
PV,449,18,7,2017,Dgiard,30,PV,C3,6,f,63,,,,,,,,0,0
PV,450,18,7,2017,Dgiard,30,PV,C3,6,f,62,,,,,,,,0,0
PV,451,18,7,2017,Dgiard,30,PV,C3,6,i,21,,,,,,,,0,0
PV,452,18,7,2017,Dgiard,30,PV,C3,6,i,9,,,,,,,,0,0
PV,453,18,7,2017,Dgiard,30,PV,C3,6,m,26,,,,,,,,0,0
PV,454,18,7,2017,Dgiard,30,PV,C3,6,m,30,,,,,,,,0,0
PV,455,18,7,2017,Dgiard,30,PV,C3,6,m,31,,,,,,,,0,0
PV,456,18,7,2017,Dgiard,30,PV,C3,7,m,69,,,,,,,,0,0
PV,457,18,7,2017,Dgiard,30,PV,C3,7,i,20,,,,,,,,0,0
PV,458,18,7,2017,Dgiard,30,PV,C3,7,f,32,,,,,,,,0,0
PV,459,18,7,2017,Dgiard,30,PV,C3,7,m,30,,,,,,,,0,0
PV,460,18,7,2017,Dgiard,30,PV,C3,7,i,21,,,,,,,,0,0
PV,461,18,7,2017,Dgiard,30,PV,C3,7,i,20,,,,,,,,0,0
PV,462,18,7,2017,Dgiard,30,PV,C3,7,i,14,,,,,,,,0,0
PV,463,18,7,2017,Dgiard,30,PV,C3,7,m,32,,,,,,,,0,0
PV,464,18,7,2017,Dgiard,30,PV,C3,7,i,20,,,,,,,,0,0
PV,465,18,7,2017,Dgiard,30,PV,C3,7,i,18,,,,,,,,0,0
PV,466,18,7,2017,Dgiard,30,PV,C3,7,f,35,,,,,,,,0,0
PV,467,18,7,2017,Dgiard,30,PV,C3,7,i,21,,,,,,,,0,0
PV,468,18,7,2017,Dgiard,30,PV,C3,7,i,22,,,,,,,,0,0
PV,469,18,7,2017,Dgiard,30,PV,C3,7,m,31,,,,,,,,0,0
PV,470,18,7,2017,Dgiard,30,PV,C3,7,m,36,,,,,,,,0,0
PV,471,18,7,2017,Dgiard,30,PV,C3,7,f,30,,,,,,,,0,0
PV,472,18,7,2017,Dgiard,30,PV,C3,7,i,10,,,,,,,,0,0
PV,473,18,7,2017,Dgiard,30,PV,C3,7,m,48,,,,,,,,0,0
PV,474,18,7,2017,Dgiard,30,PV,C3,7,i,22,,,,,,,,0,0
PV,475,18,7,2017,Dgiard,30,PV,C3,7,i,23,,,,,,,,0,0
PV,476,18,7,2017,Dgiard,30,PV,C3,7,m,53,,,,,,,,0,0
PV,477,18,7,2017,Dgiard,30,PV,C3,7,i,12,,,,,,,,0,0
PV,478,18,7,2017,Dgiard,30,PV,C3,8,f,46,,,,,,,,0,0
PV,479,18,7,2017,Dgiard,30,PV,C3,8,f,50,,,,,,,,0,0
PV,480,18,7,2017,Dgiard,30,PV,C3,8,i,19,,,,,,,,0,0
PV,481,18,7,2017,Dgiard,30,PV,C3,8,i,16,,,,,,,,0,0
PV,482,18,7,2017,Dgiard,30,PV,C3,8,f,28,,,,,,,,0,0
PV,483,18,7,2017,Dgiard,30,PV,C3,8,m,59,,,,,,,,0,0
PV,484,18,7,2017,Dgiard,30,PV,C3,8,i,20,,,,,,,,0,0
PV,485,18,7,2017,Dgiard,30,PV,C3,8,f,52,,,,,,,,0,0
PV,486,18,7,2017,Dgiard,30,PV,C3,8,m,39,,,,,,,,0,0
PV,487,18,7,2017,Dgiard,30,PV,C3,8,i,20,,,,,,,,0,0
PV,488,18,7,2017,Dgiard,30,PV,C3,8,i,14,,,,,,,,0,0
PV,489,18,7,2017,Dgiard,30,PV,C3,8,i,18,,,,,,,,0,0
PV,490,18,7,2017,Dgiard,30,PV,C3,8,f,40,,,,,,,,0,0
PV,491,18,7,2017,Dgiard,30,PV,C3,8,m,50,,,,,,,,0,0
PV,492,18,7,2017,Dgiard,30,PV,C3,8,i,15,,,,,,,,0,0
PV,493,18,7,2017,Dgiard,30,PV,C3,8,i,19,,,,,,,,0,0
PV,494,18,7,2017,Dgiard,30,PV,C3,8,i,20,,,,,,,,0,0
PV,495,18,7,2017,Dgiard,30,PV,C3,12,f,56,,,,,,,,0,0
PV,496,18,7,2017,Dgiard,30,PV,C3,12,m,20,,,,,,,,0,0
PV,497,18,7,2017,Dgiard,30,PV,C3,12,f,33,,,,,,,,0,0
PV,498,18,7,2017,Dgiard,30,PV,C3,12,i,23,,,,,,,,0,0
PV,499,18,7,2017,Dgiard,30,PV,C3,12,i,12,,,,,,,,0,0
PV,500,18,7,2017,Dgiard,30,PV,C3,12,i,23,,,,,,,,0,0
PV,501,18,7,2017,Dgiard,30,PV,C3,12,i,22,,,,,,,,0,0
PV,502,18,7,2017,Dgiard,30,PV,C3,12,m,55,,,,,,,,0,0
PV,503,18,7,2017,Dgiard,30,PV,C3,12,i,10,,,,,,,,0,0
PV,504,18,7,2017,Dgiard,30,PV,C3,12,i,19,,,,,,,,0,0
PV,505,18,7,2017,Dgiard,30,PV,C3,12,m,46,,,,,,,,0,0
PV,506,18,7,2017,Dgiard,30,PV,C3,12,m,40,,,,,,,,0,0
PV,507,18,7,2017,Dgiard,30,PV,C3,12,m,53,,,,,,,,0,0
PV,508,18,7,2017,Dgiard,30,PV,C3,12,m,60,,,,,,,,0,0
PV,509,18,7,2017,Dgiard,30,PV,C3,12,f,31,,,,,,,,0,0
PV,510,18,7,2017,Dgiard,30,PV,C3,12,i,14,,,,,,,,0,0
PV,511,18,7,2017,Dgiard,30,PV,C3,12,i,22,,,,,,,,0,0
PV,512,18,7,2017,Dgiard,30,PV,C3,12,f,44,,,,,,,,0,0
PV,513,18,7,2017,Mcomeau,30,PV,D1,1,f,60,,,,,,,,0,0
PV,514,18,7,2017,Mcomeau,30,PV,D1,1,f,76,,,,,,,,0,0
PV,515,18,7,2017,Mcomeau,30,PV,D1,1,f,23,,,,,,,,0,0
PV,516,18,7,2017,Mcomeau,30,PV,D1,1,f,24,,,,,,,,0,0
PV,517,18,7,2017,Mcomeau,30,PV,D1,1,f,24,,,,,,,,0,0
PV,518,18,7,2017,Mcomeau,30,PV,D1,1,i,18,,,,,,,,0,0
PV,519,18,7,2017,Mcomeau,30,PV,D1,1,i,19,,,,,,,,0,0
PV,520,18,7,2017,Mcomeau,30,PV,D1,1,i,17,,,,,,,,0,0
PV,521,18,7,2017,Mcomeau,30,PV,D1,1,i,11,,,,,,,,0,0
PV,522,18,7,2017,Mcomeau,30,PV,D1,1,i,12,,,,,,,,0,0
PV,523,18,7,2017,Mcomeau,30,PV,D1,1,m,63,,,,,,,,0,0
PV,524,18,7,2017,Mcomeau,30,PV,D1,1,m,25,,,,,,,,0,0
PV,525,18,7,2017,Mcomeau,30,PV,D1,1,m,28,,,,,,,,0,0
PV,526,18,7,2017,Mcomeau,30,PV,D1,1,m,34,,,,,,,,0,0
PV,527,18,7,2017,Mcomeau,30,PV,D1,2,f,25,,,,,,,,0,0
PV,528,18,7,2017,Mcomeau,30,PV,D1,2,f,23,,,,,,,,0,0
PV,529,18,7,2017,Mcomeau,30,PV,D1,2,f,23,,,,,,,,0,0
PV,530,18,7,2017,Mcomeau,30,PV,D1,2,f,23,,,,,,,,0,0
PV,531,18,7,2017,Mcomeau,30,PV,D1,2,f,23,,,,,,,,0,0
PV,532,18,7,2017,Mcomeau,30,PV,D1,2,f,38,,,,,,,,0,0
PV,533,18,7,2017,Mcomeau,30,PV,D1,2,f,23,,,,,,,,0,0
PV,534,18,7,2017,Mcomeau,30,PV,D1,2,f,32,,,,,,,,0,0
PV,535,18,7,2017,Mcomeau,30,PV,D1,2,f,37,,,,,,,,0,0
PV,536,18,7,2017,Mcomeau,30,PV,D1,2,f,27,,,,,,,,0,0
PV,537,18,7,2017,Mcomeau,30,PV,D1,2,f,22,,,,,,,,0,0
PV,538,18,7,2017,Mcomeau,30,PV,D1,2,i,16,,,,,,,,0,0
PV,539,18,7,2017,Mcomeau,30,PV,D1,2,i,18,,,,,,,,0,0
PV,540,18,7,2017,Mcomeau,30,PV,D1,2,i,18,,,,,,,,0,0
PV,541,18,7,2017,Mcomeau,30,PV,D1,2,i,18,,,,,,,,0,0
PV,542,18,7,2017,Mcomeau,30,PV,D1,2,i,17,,,,,,,,0,0
PV,543,18,7,2017,Mcomeau,30,PV,D1,2,i,16,,,,,,,,0,0
PV,544,18,7,2017,Mcomeau,30,PV,D1,2,i,9,,,,,,,,0,0
PV,545,18,7,2017,Mcomeau,30,PV,D1,2,i,20,,,,,,,,0,0
PV,546,18,7,2017,Mcomeau,30,PV,D1,2,i,20,,,,,,,,0,0
PV,547,18,7,2017,Mcomeau,30,PV,D1,2,i,9,,,,,,,,0,0
PV,548,18,7,2017,Mcomeau,30,PV,D1,2,m,27,,,,,,,,0,0
PV,549,18,7,2017,Mcomeau,30,PV,D1,2,m,28,,,,,,,,0,0
PV,550,18,7,2017,Mcomeau,30,PV,D1,2,m,44,,,,,,,,0,0
PV,551,18,7,2017,Mcomeau,30,PV,D1,2,m,27,,,,,,,,0,0
PV,552,18,7,2017,Mcomeau,30,PV,D1,2,m,69,,,,,,,,0,0
PV,553,18,7,2017,Mcomeau,30,PV,D1,3,f,29,,,,,,,,0,0
PV,554,18,7,2017,Mcomeau,30,PV,D1,3,f,25,,,,,,,,0,0
PV,555,18,7,2017,Mcomeau,30,PV,D1,3,f,20,,,,,,,,0,0
PV,556,18,7,2017,Mcomeau,30,PV,D1,3,f,20,,,,,,,,0,0
PV,557,18,7,2017,Mcomeau,30,PV,D1,3,f,20,,,,,,,,0,0
PV,558,18,7,2017,Mcomeau,30,PV,D1,3,i,17,,,,,,,,0,0
PV,559,18,7,2017,Mcomeau,30,PV,D1,3,i,16,,,,,,,,0,0
PV,560,18,7,2017,Mcomeau,30,PV,D1,3,i,8,,,,,,,,0,0
PV,561,18,7,2017,Mcomeau,30,PV,D1,3,i,7,,,,,,,,0,0
PV,562,18,7,2017,Mcomeau,30,PV,D1,3,m,28,,,,,,,,0,0
PV,563,18,7,2017,Mcomeau,30,PV,D1,3,m,25,,,,,,,,0,0
PV,564,18,7,2017,Mcomeau,30,PV,D1,3,m,48,,,,,,,,0,0
PV,565,18,7,2017,Mcomeau,30,PV,D1,4,f,27,,,,,,,,0,0
PV,566,18,7,2017,Mcomeau,30,PV,D1,4,f,62,,,,,,,,0,0
PV,567,18,7,2017,Mcomeau,30,PV,D1,4,f,58,,,,,,,,0,0
PV,568,18,7,2017,Mcomeau,30,PV,D1,4,f,27,,,,,,,,0,0
PV,569,18,7,2017,Mcomeau,30,PV,D1,4,f,24,,,,,,,,0,0
PV,570,18,7,2017,Mcomeau,30,PV,D1,4,f,24,,,,,,,,0,0
PV,571,18,7,2017,Mcomeau,30,PV,D1,4,f,50,,,,,,,,0,0
PV,572,18,7,2017,Mcomeau,30,PV,D1,4,f,22,,,,,,,,0,0
PV,573,18,7,2017,Mcomeau,30,PV,D1,4,f,32,,,,,,,,0,0
PV,574,18,7,2017,Mcomeau,30,PV,D1,4,f,24,,,,,,,,0,0
PV,575,18,7,2017,Mcomeau,30,PV,D1,4,f,58,,,,,,,,0,0
PV,576,18,7,2017,Mcomeau,30,PV,D1,4,f,35,,,,,,,,0,0
PV,577,18,7,2017,Mcomeau,30,PV,D1,4,f,58,,,,,,,,0,0
PV,578,18,7,2017,Mcomeau,30,PV,D1,4,f,35,,,,,,,,0,0
PV,579,18,7,2017,Mcomeau,30,PV,D1,4,f,23,,,,,,,,0,0
PV,580,18,7,2017,Mcomeau,30,PV,D1,4,f,45,,,,,,,,0,0
PV,581,18,7,2017,Mcomeau,30,PV,D1,4,f,25,,,,,,,,0,0
PV,582,18,7,2017,Mcomeau,30,PV,D1,4,f,26,,,,,,,,0,0
PV,583,18,7,2017,Mcomeau,30,PV,D1,4,i,17,,,,,,,,0,0
PV,584,18,7,2017,Mcomeau,30,PV,D1,4,i,18,,,,,,,,0,0
PV,585,18,7,2017,Mcomeau,30,PV,D1,4,m,47,,,,,,,,0,0
PV,586,18,7,2017,Mcomeau,30,PV,D1,4,m,35,,,,,,,,0,0
PV,587,18,7,2017,Mcomeau,30,PV,D1,5,f,28,,,,,,,,0,0
PV,588,18,7,2017,Mcomeau,30,PV,D1,5,f,42,,,,,,,,0,0
PV,589,18,7,2017,Mcomeau,30,PV,D1,5,f,45,,,,,,,,0,0
PV,590,18,7,2017,Mcomeau,30,PV,D1,5,f,52,,,,,,,,0,0
PV,591,18,7,2017,Mcomeau,30,PV,D1,5,f,22,,,,,,,,0,0
PV,592,18,7,2017,Mcomeau,30,PV,D1,5,f,62,,,,,,,,0,0
PV,593,18,7,2017,Mcomeau,30,PV,D1,5,f,68,,,,,,,,0,0
PV,594,18,7,2017,Mcomeau,30,PV,D1,5,f,42,,,,,,,,0,0
PV,595,18,7,2017,Mcomeau,30,PV,D1,5,i,18,,,,,,,,0,0
PV,596,18,7,2017,Mcomeau,30,PV,D1,5,i,18,,,,,,,,0,0
PV,597,18,7,2017,Mcomeau,30,PV,D1,5,i,19,,,,,,,,0,0
PV,598,18,7,2017,Mcomeau,30,PV,D1,5,i,17,,,,,,,,0,0
PV,599,18,7,2017,Mcomeau,30,PV,D1,5,i,8,,,,,,,,0,0
PV,600,18,7,2017,Mcomeau,30,PV,D1,5,m,25,,,,,,,,0,0
PV,601,18,7,2017,Mcomeau,30,PV,D1,5,m,25,,,,,,,,0,0
PV,602,18,7,2017,Mcomeau,30,PV,D1,7,f,47,,,,,,,,0,0
PV,603,18,7,2017,Mcomeau,30,PV,D1,7,f,23,,,,,,,,0,0
PV,604,18,7,2017,Mcomeau,30,PV,D1,7,f,36,,,,,,,,0,0
PV,605,18,7,2017,Mcomeau,30,PV,D1,7,f,26,,,,,,,,0,0
PV,606,18,7,2017,Mcomeau,30,PV,D1,7,f,30,,,,,,,,0,0
PV,607,18,7,2017,Mcomeau,30,PV,D1,7,f,24,,,,,,,,0,0
PV,608,18,7,2017,Mcomeau,30,PV,D1,7,f,24,,,,,,,,0,0
PV,609,18,7,2017,Mcomeau,30,PV,D1,7,f,43,,,,,,,,0,0
PV,610,18,7,2017,Mcomeau,30,PV,D1,7,f,34,,,,,,,,0,0
PV,611,18,7,2017,Mcomeau,30,PV,D1,7,f,42,,,,,,,,0,0
PV,612,18,7,2017,Mcomeau,30,PV,D1,7,i,21,,,,,,,,0,0
PV,613,18,7,2017,Mcomeau,30,PV,D1,7,i,11,,,,,,,,0,0
PV,614,18,7,2017,Mcomeau,30,PV,D1,7,i,21,,,,,,,,0,0
PV,615,18,7,2017,Mcomeau,30,PV,D1,7,i,13,,,,,,,,0,0
PV,616,18,7,2017,Mcomeau,30,PV,D1,7,i,17,,,,,,,,0,0
PV,617,18,7,2017,Mcomeau,30,PV,D1,7,i,17,,,,,,,,0,0
PV,618,18,7,2017,Mcomeau,30,PV,D1,7,i,18,,,,,,,,0,0
PV,619,18,7,2017,Mcomeau,30,PV,D1,7,i,18,,,,,,,,0,0
PV,620,18,7,2017,Mcomeau,30,PV,D1,7,i,17,,,,,,,,0,0
PV,621,18,7,2017,Mcomeau,30,PV,D1,7,m,29,,,,,,,,0,0
PV,622,18,7,2017,Mcomeau,30,PV,D1,7,m,58,,,,,,,,0,0
PV,623,18,7,2017,Mcomeau,30,PV,D1,7,m,62,,,,,,,,0,0
PV,624,18,7,2017,Mcomeau,30,PV,D1,7,m,31,,,,,,,,0,0
PV,625,18,7,2017,Mcomeau,30,PV,D1,7,m,25,,,,,,,,0,0
PV,626,18,7,2017,Mcomeau,30,PV,D1,8,f,23,,,,,,,,0,0
PV,627,18,7,2017,Mcomeau,30,PV,D1,8,f,42,,,,,,,,0,0
PV,628,18,7,2017,Mcomeau,30,PV,D1,8,f,25,,,,,,,,0,0
PV,629,18,7,2017,Mcomeau,30,PV,D1,8,f,23,,,,,,,,0,0
PV,630,18,7,2017,Mcomeau,30,PV,D1,8,f,23,,,,,,,,0,0
PV,631,18,7,2017,Mcomeau,30,PV,D1,8,f,30,,,,,,,,0,0
PV,632,18,7,2017,Mcomeau,30,PV,D1,8,f,28,,,,,,,,0,0
PV,633,18,7,2017,Mcomeau,30,PV,D1,8,f,30,,,,,,,,0,0
PV,634,18,7,2017,Mcomeau,30,PV,D1,8,i,22,,,,,,,,0,0
PV,635,18,7,2017,Mcomeau,30,PV,D1,8,i,15,,,,,,,,0,0
PV,636,18,7,2017,Mcomeau,30,PV,D1,8,i,20,,,,,,,,0,0
PV,637,18,7,2017,Mcomeau,30,PV,D1,8,i,8,,,,,,,,0,0
PV,638,18,7,2017,Mcomeau,30,PV,D1,8,i,10,,,,,,,,0,0
PV,639,18,7,2017,Mcomeau,30,PV,D1,8,i,18,,,,,,,,0,0
PV,640,18,7,2017,Mcomeau,30,PV,D1,8,i,16,,,,,,,,0,0
PV,641,18,7,2017,Mcomeau,30,PV,D1,8,i,17,,,,,,,,0,0
PV,642,18,7,2017,Mcomeau,30,PV,D1,8,i,13,,,,,,,,0,0
PV,643,18,7,2017,Mcomeau,30,PV,D1,8,i,16,,,,,,,,0,0
PV,644,18,7,2017,Mcomeau,30,PV,D1,8,i,11,,,,,,,,0,0
PV,645,18,7,2017,Mcomeau,30,PV,D1,8,m,47,,,,,,,,0,0
PV,646,18,7,2017,Mcomeau,30,PV,D1,8,m,32,,,,,,,,0,0
PV,647,18,7,2017,Mcomeau,30,PV,D1,8,m,24,,,,,,,,0,0
PV,648,18,7,2017,Mcomeau,30,PV,D1,8,m,101,,,,,,,,0,0
PV,649,18,7,2017,Mcomeau,30,PV,D1,8,f,70,,,,,,,,0,0
PV,650,18,7,2017,Bcomeau,30,PV,D1,1,m,23,,,,,,,,0,0
PV,651,18,7,2017,Bcomeau,30,PV,D1,1,m,26,,,,,,,,0,0
PV,652,18,7,2017,Bcomeau,30,PV,D1,1,i,15,,,,,,,,0,0
PV,653,18,7,2017,Bcomeau,30,PV,D1,1,f,21,,,,,,,,0,0
PV,654,18,7,2017,Bcomeau,30,PV,D1,1,i,17,,,,,,,,0,0
PV,655,18,7,2017,Bcomeau,30,PV,D1,1,f,32,,,,,,,,0,0
PV,656,18,7,2017,Bcomeau,30,PV,D1,1,m,25,,,,,,,,0,0
PV,657,18,7,2017,Bcomeau,30,PV,D1,1,m,39,,,,,,,,0,0
PV,658,18,7,2017,Bcomeau,30,PV,D1,2,f,34,,,,,,,,0,0
PV,659,18,7,2017,Bcomeau,30,PV,D1,2,i,14,,,,,,,,0,0
PV,660,18,7,2017,Bcomeau,30,PV,D1,2,m,54,,,,,,,,0,0
PV,661,18,7,2017,Bcomeau,30,PV,D1,2,f,20,,,,,,,,0,0
PV,662,18,7,2017,Bcomeau,30,PV,D1,2,i,17,,,,,,,,0,0
PV,663,18,7,2017,Bcomeau,30,PV,D1,2,m,22,,,,,,,,0,0
PV,664,18,7,2017,Bcomeau,30,PV,D1,2,i,11,,,,,,,,0,0
PV,665,18,7,2017,Bcomeau,30,PV,D1,2,i,18,,,,,,,,0,0
PV,666,18,7,2017,Bcomeau,30,PV,D1,2,f,20,,,,,,,,0,0
PV,667,18,7,2017,Bcomeau,30,PV,D1,2,f,30,,,,,,,,0,0
PV,668,18,7,2017,Bcomeau,30,PV,D1,2,m,22,,,,,,,,0,0
PV,669,18,7,2017,Bcomeau,30,PV,D1,2,f,28,,,,,,,,0,0
PV,670,18,7,2017,Bcomeau,30,PV,D1,2,i,15,,,,,,,,0,0
PV,671,18,7,2017,Bcomeau,30,PV,D1,2,i,14,,,,,,,,0,0
PV,672,18,7,2017,Bcomeau,30,PV,D1,2,i,18,,,,,,,,0,0
PV,673,18,7,2017,Bcomeau,30,PV,D1,2,f,62,,,,,,,,0,0
PV,674,18,7,2017,Bcomeau,30,PV,D1,2,m,20,,,,,,,,0,0
PV,675,18,7,2017,Bcomeau,30,PV,D1,2,m,78,,,,,,,,0,0
PV,676,18,7,2017,Bcomeau,30,PV,D1,2,f,25,,,,,,,,0,0
PV,677,18,7,2017,Bcomeau,30,PV,D1,2,m,31,,,,,,,,0,0
PV,678,18,7,2017,Bcomeau,30,PV,D1,3,m,34,,,,,,,,0,0
PV,679,18,7,2017,Bcomeau,30,PV,D1,3,i,15,,,,,,,,0,0
PV,680,18,7,2017,Bcomeau,30,PV,D1,3,m,30,,,,,,,,0,0
PV,681,18,7,2017,Bcomeau,30,PV,D1,3,i,16,,,,,,,,0,0
PV,682,18,7,2017,Bcomeau,30,PV,D1,3,f,20,,,,,,,,0,0
PV,683,18,7,2017,Bcomeau,30,PV,D1,3,i,10,,,,,,,,0,0
PV,684,18,7,2017,Bcomeau,30,PV,D1,3,i,18,,,,,,,,0,0
PV,685,18,7,2017,Bcomeau,30,PV,D1,3,f,46,,,,,,,,0,0
PV,686,18,7,2017,Bcomeau,30,PV,D1,3,m,28,,,,,,,,0,0
PV,687,18,7,2017,Bcomeau,30,PV,D1,3,f,26,,,,,,,,0,0
PV,688,18,7,2017,Bcomeau,30,PV,D1,3,m,33,,,,,,,,0,0
PV,689,18,7,2017,Bcomeau,30,PV,D1,3,f,27,,,,,,,,0,0
PV,690,18,7,2017,Bcomeau,30,PV,D1,4,f,20,,,,,,,,0,0
PV,691,18,7,2017,Bcomeau,30,PV,D1,4,m,39,,,,,,,,0,0
PV,692,18,7,2017,Bcomeau,30,PV,D1,4,m,22,,,,,,,,0,0
PV,693,18,7,2017,Bcomeau,30,PV,D1,4,f,21,,,,,,,,0,0
PV,694,18,7,2017,Bcomeau,30,PV,D1,4,f,29,,,,,,,,0,0
PV,695,18,7,2017,Bcomeau,30,PV,D1,4,f,31,,,,,,,,0,0
PV,696,18,7,2017,Bcomeau,30,PV,D1,4,f,41,,,,,,,,0,0
PV,697,18,7,2017,Bcomeau,30,PV,D1,4,i,17,,,,,,,,0,0
PV,698,18,7,2017,Bcomeau,30,PV,D1,4,f,46,,,,,,,,0,0
PV,699,18,7,2017,Bcomeau,30,PV,D1,4,f,45,,,,,,,,0,0
PV,700,18,7,2017,Bcomeau,30,PV,D1,5,f,38,,,,,,,,0,0
PV,701,18,7,2017,Bcomeau,30,PV,D1,5,i,17,,,,,,,,0,0
PV,702,18,7,2017,Bcomeau,30,PV,D1,5,i,18,,,,,,,,0,0
PV,703,18,7,2017,Bcomeau,30,PV,D1,5,i,10,,,,,,,,0,0
PV,704,18,7,2017,Bcomeau,30,PV,D1,5,f,56,,,,,,,,0,0
PV,705,18,7,2017,Bcomeau,30,PV,D1,5,m,22,,,,,,,,0,0
PV,706,18,7,2017,Bcomeau,30,PV,D1,5,i,10,,,,,,,,0,0
PV,707,18,7,2017,Bcomeau,30,PV,D1,5,f,51,,,,,,,,0,0
PV,708,18,7,2017,Bcomeau,30,PV,D1,5,m,24,,,,,,,,0,0
PV,709,18,7,2017,Bcomeau,30,PV,D1,5,m,68,,,,,,,,0,0
PV,710,18,7,2017,Bcomeau,30,PV,D1,5,i,19,,,,,,,,0,0
PV,711,18,7,2017,Bcomeau,30,PV,D1,5,f,25,,,,,,,,0,0
PV,712,18,7,2017,Bcomeau,30,PV,D1,5,m,35,,,,,,,,0,0
PV,713,18,7,2017,Bcomeau,30,PV,D1,5,m,36,,,,,,,,0,0
PV,714,18,7,2017,Bcomeau,30,PV,D1,5,i,15,,,,,,,,0,0
PV,715,18,7,2017,Bcomeau,30,PV,D1,5,f,20,,,,,,,,0,0
PV,716,18,7,2017,Bcomeau,30,PV,D1,5,i,19,,,,,,,,0,0
PV,717,18,7,2017,Bcomeau,30,PV,D1,6,m,25,,,,,,,,0,0
PV,718,18,7,2017,Bcomeau,30,PV,D1,6,f,27,,,,,,,,0,0
PV,719,18,7,2017,Bcomeau,30,PV,D1,6,m,48,,,,,,,,0,0
PV,720,18,7,2017,Bcomeau,30,PV,D1,6,i,18,,,,,,,,0,0
PV,721,18,7,2017,Bcomeau,30,PV,D1,6,f,70,,,,,,,,0,0
PV,722,18,7,2017,Bcomeau,30,PV,D1,6,i,19,,,,,,,,0,0
PV,723,18,7,2017,Bcomeau,30,PV,D1,6,f,44,,,,,,,,0,0
PV,724,18,7,2017,Bcomeau,30,PV,D1,6,f,46,,,,,,,,0,0
PV,725,18,7,2017,Bcomeau,30,PV,D1,6,i,19,,,,,,,,0,0
PV,726,18,7,2017,Bcomeau,30,PV,D1,6,f,43,,,,,,,,0,0
PV,727,18,7,2017,Bcomeau,30,PV,D1,6,f,49,,,,,,,,0,0
PV,728,18,7,2017,Bcomeau,30,PV,D1,6,m,53,,,,,,,,0,0
PV,729,18,7,2017,Bcomeau,30,PV,D1,7,f,60,,,,,,,,0,0
PV,730,18,7,2017,Bcomeau,30,PV,D1,7,i,15,,,,,,,,0,0
PV,731,18,7,2017,Bcomeau,30,PV,D1,7,i,10,,,,,,,,0,0
PV,732,18,7,2017,Bcomeau,30,PV,D1,7,m,24,,,,,,,,0,0
PV,733,18,7,2017,Bcomeau,30,PV,D1,7,m,31,,,,,,,,0,0
PV,734,18,7,2017,Bcomeau,30,PV,D1,7,f,25,,,,,,,,0,0
PV,735,18,7,2017,Bcomeau,30,PV,D1,7,m,30,,,,,,,,0,0
PV,736,18,7,2017,Bcomeau,30,PV,D1,7,i,12,,,,,,,,0,0
PV,737,18,7,2017,Bcomeau,30,PV,D1,7,m,20,,,,,,,,0,0
PV,738,18,7,2017,Bcomeau,30,PV,D1,7,i,16,,,,,,,,0,0
PV,739,18,7,2017,Bcomeau,30,PV,D1,7,i,19,,,,,,,,0,0
PV,740,18,7,2017,Bcomeau,30,PV,D1,7,f,29,,,,,,,,0,0
PV,741,18,7,2017,Bcomeau,30,PV,D1,7,m,32,,,,,,,,0,0
PV,742,18,7,2017,Bcomeau,30,PV,D1,7,f,23,,,,,,,,0,0
PV,743,18,7,2017,Bcomeau,30,PV,D1,7,i,15,,,,,,,,0,0
PV,744,18,7,2017,Bcomeau,30,PV,D1,7,f,35,,,,,,,,0,0
PV,745,18,7,2017,Bcomeau,30,PV,D1,7,f,21,,,,,,,,0,0
PV,746,18,7,2017,Bcomeau,30,PV,D1,8,f,37,,,,,,,,0,0
PV,747,18,7,2017,Bcomeau,30,PV,D1,8,m,20,,,,,,,,0,0
PV,748,18,7,2017,Bcomeau,30,PV,D1,8,i,17,,,,,,,,0,0
PV,749,18,7,2017,Bcomeau,30,PV,D1,8,m,25,,,,,,,,0,0
PV,750,18,7,2017,Bcomeau,30,PV,D1,8,f,20,,,,,,,,0,0
PV,751,18,7,2017,Bcomeau,30,PV,D1,8,m,26,,,,,,,,0,0
PV,752,18,7,2017,Bcomeau,30,PV,D1,8,i,11,,,,,,,,0,0
PV,753,18,7,2017,Bcomeau,30,PV,D1,8,f,31,,,,,,,,0,0
PV,754,18,7,2017,Bcomeau,30,PV,D1,8,i,13,,,,,,,,0,0
PV,755,18,7,2017,Bcomeau,30,PV,D1,8,m,30,,,,,,,,0,0
PV,756,18,7,2017,Bcomeau,30,PV,D1,8,f,57,,,,,,,,0,0
PV,757,18,7,2017,Bcomeau,30,PV,D1,8,i,18,,,,,,,,0,0
PV,758,18,7,2017,Bcomeau,30,PV,D1,8,m,36,,,,,,,,0,0
PV,759,17,7,2017,Dgiard,33,PV,D3,1,i,16,,,,,,,,0,0
PV,760,17,7,2017,Dgiard,33,PV,D3,1,i,18,,,,,,,,0,0
PV,761,17,7,2017,Dgiard,33,PV,D3,1,m,26,,,,,,,,0,0
PV,762,17,7,2017,Dgiard,33,PV,D3,1,f,28,,,,,,,,0,0
PV,763,17,7,2017,Dgiard,33,PV,D3,1,m,25,,,,,,,,0,0
PV,764,17,7,2017,Dgiard,33,PV,D3,1,i,18,,,,,,,,0,0
PV,765,17,7,2017,Dgiard,33,PV,D3,1,i,15,,,,,,,,0,0
PV,766,17,7,2017,Dgiard,33,PV,D3,1,i,14,,,,,,,,0,0
PV,767,17,7,2017,Dgiard,33,PV,D3,1,f,31,,,,,,,,0,0
PV,768,17,7,2017,Dgiard,33,PV,D3,1,i,14,,,,,,,,0,0
PV,769,17,7,2017,Dgiard,33,PV,D3,2,m,49,,,,,,,,0,0
PV,770,17,7,2017,Dgiard,33,PV,D3,2,i,24,,,,,,,,0,0
PV,771,17,7,2017,Dgiard,33,PV,D3,2,m,31,,,,,,,,0,0
PV,772,17,7,2017,Dgiard,33,PV,D3,2,f,45,,,,,,,,0,0
PV,773,17,7,2017,Dgiard,33,PV,D3,2,f,56,,,,,,,,0,0
PV,774,17,7,2017,Dgiard,33,PV,D3,2,i,22,,,,,,,,0,0
PV,775,17,7,2017,Dgiard,33,PV,D3,2,i,19,,,,,,,,0,0
PV,776,17,7,2017,Dgiard,33,PV,D3,2,m,69,,,,,,,,0,0
PV,777,17,7,2017,Dgiard,33,PV,D3,2,f,50,,,,,,,,0,0
PV,778,17,7,2017,Dgiard,33,PV,D3,2,i,24,,,,,,,,0,0
PV,779,17,7,2017,Dgiard,33,PV,D3,3,f,30,,,,,,,,0,0
PV,780,17,7,2017,Dgiard,33,PV,D3,3,f,28,,,,,,,,0,0
PV,781,17,7,2017,Dgiard,33,PV,D3,3,i,13,,,,,,,,0,0
PV,782,17,7,2017,Dgiard,33,PV,D3,3,m,64,,,,,,,,0,0
PV,783,17,7,2017,Dgiard,33,PV,D3,3,m,32,,,,,,,,0,0
PV,784,17,7,2017,Dgiard,33,PV,D3,3,m,39,,,,,,,,0,0
PV,785,17,7,2017,Dgiard,33,PV,D3,3,i,20,,,,,,,,0,0
PV,786,17,7,2017,Dgiard,33,PV,D3,3,i,20,,,,,,,,0,0
PV,787,17,7,2017,Dgiard,33,PV,D3,3,f,74,,,,,,,,0,0
PV,788,17,7,2017,Dgiard,33,PV,D3,3,i,16,,,,,,,,0,0
PV,789,17,7,2017,Dgiard,33,PV,D3,3,i,12,,,,,,,,0,0
PV,790,17,7,2017,Dgiard,33,PV,D3,3,i,10,,,,,,,,0,0
PV,791,17,7,2017,Dgiard,33,PV,D3,3,i,18,,,,,,,,0,0
PV,792,17,7,2017,Dgiard,33,PV,D3,3,i,21,,,,,,,,0,0
PV,793,17,7,2017,Dgiard,33,PV,D3,3,m,33,,,,,,,,0,0
PV,794,17,7,2017,Dgiard,33,PV,D3,3,i,17,,,,,,,,0,0
PV,795,17,7,2017,Dgiard,33,PV,D3,3,i,22,,,,,,,,0,0
PV,796,17,7,2017,Dgiard,33,PV,D3,3,i,19,,,,,,,,0,0
PV,797,17,7,2017,Dgiard,33,PV,D3,4,i,12,,,,,,,,0,0
PV,798,17,7,2017,Dgiard,33,PV,D3,4,i,21,,,,,,,,0,0
PV,799,17,7,2017,Dgiard,33,PV,D3,4,i,14,,,,,,,,0,0
PV,800,17,7,2017,Dgiard,33,PV,D3,4,f,52,,,,,,,,0,0
PV,801,17,7,2017,Dgiard,33,PV,D3,4,i,13,,,,,,,,0,0
PV,802,17,7,2017,Dgiard,33,PV,D3,4,i,12,,,,,,,,0,0
PV,803,17,7,2017,Dgiard,33,PV,D3,4,i,15,,,,,,,,0,0
PV,804,17,7,2017,Dgiard,33,PV,D3,4,m,41,,,,,,,,0,0
PV,805,17,7,2017,Dgiard,33,PV,D3,4,i,25,,,,,,,,0,0
PV,806,17,7,2017,Dgiard,33,PV,D3,4,i,22,,,,,,,,0,0
PV,807,17,7,2017,Dgiard,33,PV,D3,4,f,26,,,,,,,,0,0
PV,808,17,7,2017,Dgiard,33,PV,D3,4,i,19,,,,,,,,0,0
PV,809,17,7,2017,Dgiard,33,PV,D3,4,i,16,,,,,,,,0,0
PV,810,17,7,2017,Dgiard,33,PV,D3,4,i,20,,,,,,,,0,0
PV,811,17,7,2017,Dgiard,33,PV,D3,4,f,37,,,,,,,,0,0
PV,812,17,7,2017,Dgiard,33,PV,D3,5,i,25,,,,,,,,0,0
PV,813,17,7,2017,Dgiard,33,PV,D3,5,i,16,,,,,,,,0,0
PV,814,17,7,2017,Dgiard,33,PV,D3,5,f,36,,,,,,,,0,0
PV,815,17,7,2017,Dgiard,33,PV,D3,6,i,24,,,,,,,,0,0
PV,816,17,7,2017,Dgiard,33,PV,D3,6,m,39,,,,,,,,0,0
PV,817,17,7,2017,Dgiard,33,PV,D3,7,m,48,,,,,,,,0,0
PV,818,17,7,2017,Dgiard,33,PV,D3,7,i,20,,,,,,,,0,0
PV,819,17,7,2017,Dgiard,33,PV,D3,7,f,68,,,,,,,,0,0
PV,820,17,7,2017,Dgiard,33,PV,D3,7,i,22,,,,,,,,0,0
PV,821,17,7,2017,Dgiard,33,PV,D3,7,f,62,,,,,,,,0,0
PV,822,17,7,2017,Dgiard,33,PV,D3,7,m,31,,,,,,,,0,0
PV,823,17,7,2017,Dgiard,33,PV,D3,16,f,38,,,,,,,,0,0
PV,824,17,7,2017,Dgiard,33,PV,D3,16,m,31,,,,,,,,0,0
PV,825,17,7,2017,Dgiard,33,PV,D3,16,i,20,,,,,,,,0,0
PV,826,17,7,2017,Dgiard,33,PV,D3,16,f,35,,,,,,,,0,0
PV,827,17,7,2017,Dgiard,33,PV,D3,16,m,27,,,,,,,,0,0
PV,828,17,7,2017,Dgiard,33,PV,D3,16,f,33,,,,,,,,0,0
PV,829,17,7,2017,Dgiard,33,PV,D3,16,i,22,,,,,,,,0,0
PV,830,17,7,2017,Dgiard,33,PV,D3,16,i,23,,,,,,,,0,0
PV,831,17,7,2017,Dgiard,33,PV,D3,16,i,14,,,,,,,,0,0
PV,832,17,7,2017,Dgiard,33,PV,D3,16,m,28,,,,,,,,0,0
PV,833,17,7,2017,Dgiard,33,PV,D3,16,f,40,,,,,,,,0,0
PV,834,17,7,2017,Dgiard,33,PV,D3,16,i,23,,,,,,,,0,0
PV,835,17,7,2017,Dgiard,33,PV,D3,16,i,16,,,,,,,,0,0
PV,836,17,7,2017,Dgiard,33,PV,D3,17,i,20,,,,,,,,0,0
PV,837,17,7,2017,Dgiard,33,PV,D3,17,f,34,,,,,,,,0,0
PV,838,17,7,2017,Dgiard,33,PV,D3,17,m,38,,,,,,,,0,0
PV,839,17,7,2017,Dgiard,33,PV,D3,17,i,13,,,,,,,,0,0
PV,840,17,7,2017,Dgiard,33,PV,D3,18,f,47,,,,,,,,0,0
PV,841,17,7,2017,Dgiard,33,PV,D3,18,f,38,,,,,,,,0,0
PV,842,17,7,2017,Dgiard,33,PV,D3,18,f,35,,,,,,,,0,0
PV,843,17,7,2017,Dgiard,33,PV,D3,18,i,22,,,,,,,,0,0
PV,844,17,7,2017,Dgiard,33,PV,D3,18,i,25,,,,,,,,0,0
PV,845,17,7,2017,Dgiard,33,PV,D3,19,m,41,,,,,,,,0,0
PV,846,17,7,2017,Dgiard,33,PV,D3,19,i,24,,,,,,,,0,0
PV,847,17,7,2017,Dgiard,33,PV,D3,19,i,12,,,,,,,,0,0
PV,848,17,7,2017,Dgiard,33,PV,D3,19,f,30,,,,,,,,0,0
PV,849,17,7,2017,Dgiard,33,PV,D3,19,m,39,,,,,,,,0,0
PV,850,17,7,2017,Dgiard,33,PV,D3,20,f,61,,,,,,,,0,0
PV,851,17,7,2017,Dgiard,33,PV,D3,20,m,34,,,,,,,,0,0
PV,852,17,7,2017,Dgiard,33,PV,D3,20,i,25,,,,,,,,0,0
PV,853,17,7,2017,Dgiard,33,PV,D3,20,m,56,,,,,,,,0,0
PV,854,17,7,2017,Dgiard,33,PV,D3,20,i,23,,,,,,,,0,0
PV,855,17,7,2017,Rdoucette,33,PV,D3,1,m,26,,,,,,,,0,0
PV,856,17,7,2017,Rdoucette,33,PV,D3,1,m,27,,,,,,,,0,0
PV,857,17,7,2017,Rdoucette,33,PV,D3,1,m,72,,,,,,,,0,0
PV,858,17,7,2017,Rdoucette,33,PV,D3,1,m,57,,,,,,,,0,0
PV,859,17,7,2017,Rdoucette,33,PV,D3,1,i,12,,,,,,,,0,0
PV,860,17,7,2017,Rdoucette,33,PV,D3,1,f,49,,,,,,,,0,0
PV,861,17,7,2017,Rdoucette,33,PV,D3,1,i,15,,,,,,,,0,0
PV,862,17,7,2017,Rdoucette,33,PV,D3,1,m,27,,,,,,,,0,0
PV,863,17,7,2017,Rdoucette,33,PV,D3,1,i,20,,,,,,,,0,0
PV,864,17,7,2017,Rdoucette,33,PV,D3,2,m,60,,,,,,,,0,0
PV,865,17,7,2017,Rdoucette,33,PV,D3,2,m,24,,,,,,,,0,0
PV,866,17,7,2017,Rdoucette,33,PV,D3,2,f,45,,,,,,,,0,0
PV,867,17,7,2017,Rdoucette,33,PV,D3,2,f,43,,,,,,,,0,0
PV,868,17,7,2017,Rdoucette,33,PV,D3,2,f,24,,,,,,,,0,0
PV,869,17,7,2017,Rdoucette,33,PV,D3,2,f,54,,,,,,,,0,0
PV,870,17,7,2017,Rdoucette,33,PV,D3,2,i,12,,,,,,,,0,0
PV,871,17,7,2017,Rdoucette,33,PV,D3,2,f,25,,,,,,,,0,0
PV,872,17,7,2017,Rdoucette,33,PV,D3,2,i,18,,,,,,,,0,0
PV,873,17,7,2017,Rdoucette,33,PV,D3,2,m,37,,,,,,,,0,0
PV,874,17,7,2017,Rdoucette,33,PV,D3,2,f,39,,,,,,,,0,0
PV,875,17,7,2017,Rdoucette,33,PV,D3,2,i,17,,,,,,,,0,0
PV,876,17,7,2017,Rdoucette,33,PV,D3,2,i,15,,,,,,,,0,0
PV,877,17,7,2017,Rdoucette,33,PV,D3,2,m,24,,,,,,,,0,0
PV,878,17,7,2017,Rdoucette,33,PV,D3,2,f,23,,,,,,,,0,0
PV,879,17,7,2017,Rdoucette,33,PV,D3,2,i,13,,,,,,,,0,0
PV,880,17,7,2017,Rdoucette,33,PV,D3,2,m,24,,,,,,,,0,0
PV,881,17,7,2017,Rdoucette,33,PV,D3,3,m,29,,,,,,,,0,0
PV,882,17,7,2017,Rdoucette,33,PV,D3,3,i,15,,,,,,,,0,0
PV,883,17,7,2017,Rdoucette,33,PV,D3,3,f,55,,,,,,,,0,0
PV,884,17,7,2017,Rdoucette,33,PV,D3,3,m,33,,,,,,,,0,0
PV,885,17,7,2017,Rdoucette,33,PV,D3,3,f,73,,,,,,,,0,0
PV,886,17,7,2017,Rdoucette,33,PV,D3,3,m,60,,,,,,,,0,0
PV,887,17,7,2017,Rdoucette,33,PV,D3,3,f,60,,,,,,,,0,0
PV,888,17,7,2017,Rdoucette,33,PV,D3,3,m,31,,,,,,,,0,0
PV,889,17,7,2017,Rdoucette,33,PV,D3,3,m,29,,,,,,,,0,0
PV,890,17,7,2017,Rdoucette,33,PV,D3,3,i,17,,,,,,,,0,0
PV,891,17,7,2017,Rdoucette,33,PV,D3,3,i,12,,,,,,,,0,0
PV,892,17,7,2017,Rdoucette,33,PV,D3,3,f,31,,,,,,,,0,0
PV,893,17,7,2017,Rdoucette,33,PV,D3,3,m,29,,,,,,,,0,0
PV,894,17,7,2017,Rdoucette,33,PV,D3,3,i,18,,,,,,,,0,0
PV,895,17,7,2017,Rdoucette,33,PV,D3,4,f,32,,,,,,,,0,0
PV,896,17,7,2017,Rdoucette,33,PV,D3,4,f,50,,,,,,,,0,0
PV,897,17,7,2017,Rdoucette,33,PV,D3,4,m,44,,,,,,,,0,0
PV,898,17,7,2017,Rdoucette,33,PV,D3,4,i,12,,,,,,,,0,0
PV,899,17,7,2017,Rdoucette,33,PV,D3,4,m,22,,,,,,,,0,0
PV,900,17,7,2017,Rdoucette,33,PV,D3,4,f,58,,,,,,,,0,0
PV,901,17,7,2017,Rdoucette,33,PV,D3,4,f,36,,,,,,,,0,0
PV,902,17,7,2017,Rdoucette,33,PV,D3,4,i,17,,,,,,,,0,0
PV,903,17,7,2017,Rdoucette,33,PV,D3,4,m,32,,,,,,,,0,0
PV,904,17,7,2017,Rdoucette,33,PV,D3,5,f,25,,,,,,,,0,0
PV,905,17,7,2017,Rdoucette,33,PV,D3,5,i,12,,,,,,,,0,0
PV,906,17,7,2017,Rdoucette,33,PV,D3,5,i,18,,,,,,,,0,0
PV,907,17,7,2017,Rdoucette,33,PV,D3,5,m,21,,,,,,,,0,0
PV,908,17,7,2017,Rdoucette,33,PV,D3,5,f,40,,,,,,,,0,0
PV,909,17,7,2017,Rdoucette,33,PV,D3,5,i,15,,,,,,,,0,0
PV,910,17,7,2017,Rdoucette,33,PV,D3,5,i,12,,,,,,,,0,0
PV,911,17,7,2017,Rdoucette,33,PV,D3,5,i,10,,,,,,,,0,0
PV,912,17,7,2017,Rdoucette,33,PV,D3,6,f,50,,,,,,,,0,0
PV,913,17,7,2017,Rdoucette,33,PV,D3,6,m,24,,,,,,,,0,0
PV,914,17,7,2017,Rdoucette,33,PV,D3,6,i,17,,,,,,,,0,0
PV,915,17,7,2017,Rdoucette,33,PV,D3,6,f,26,,,,,,,,0,0
PV,916,17,7,2017,Rdoucette,33,PV,D3,7,i,18,,,,,,,,0,0
PV,917,17,7,2017,Rdoucette,33,PV,D3,7,f,27,,,,,,,,0,0
PV,918,17,7,2017,Rdoucette,33,PV,D3,7,m,71,,,,,,,,0,0
PV,919,17,7,2017,Rdoucette,33,PV,D3,16,f,43,,,,,,,,0,0
PV,920,17,7,2017,Rdoucette,33,PV,D3,16,f,62,,,,,,,,0,0
PV,921,17,7,2017,Rdoucette,33,PV,D3,16,m,25,,,,,,,,0,0
PV,922,17,7,2017,Rdoucette,33,PV,D3,16,i,20,,,,,,,,0,0
PV,923,17,7,2017,Rdoucette,33,PV,D3,16,m,73,,,,,,,,0,0
PV,924,17,7,2017,Rdoucette,33,PV,D3,16,i,20,,,,,,,,0,0
PV,925,17,7,2017,Rdoucette,33,PV,D3,16,f,23,,,,,,,,0,0
PV,926,17,7,2017,Rdoucette,33,PV,D3,16,i,12,,,,,,,,0,0
PV,927,17,7,2017,Rdoucette,33,PV,D3,17,f,32,,,,,,,,0,0
PV,928,17,7,2017,Rdoucette,33,PV,D3,17,f,27,,,,,,,,0,0
PV,929,17,7,2017,Rdoucette,33,PV,D3,17,m,21,,,,,,,,0,0
PV,930,17,7,2017,Rdoucette,33,PV,D3,17,f,29,,,,,,,,0,0
PV,931,17,7,2017,Rdoucette,33,PV,D3,17,i,20,,,,,,,,0,0
PV,932,17,7,2017,Rdoucette,33,PV,D3,17,m,31,,,,,,,,0,0
PV,933,17,7,2017,Rdoucette,33,PV,D3,17,m,29,,,,,,,,0,0
PV,934,17,7,2017,Rdoucette,33,PV,D3,17,i,12,,,,,,,,0,0
PV,935,17,7,2017,Rdoucette,33,PV,D3,17,i,10,,,,,,,,0,0
PV,936,17,7,2017,Rdoucette,33,PV,D3,17,i,18,,,,,,,,0,0
PV,937,17,7,2017,Rdoucette,33,PV,D3,17,m,62,,,,,,,,0,0
PV,938,17,7,2017,Rdoucette,33,PV,D3,17,m,35,,,,,,,,0,0
PV,939,17,7,2017,Rdoucette,33,PV,D3,17,m,22,,,,,,,,0,0
PV,940,17,7,2017,Rdoucette,33,PV,D3,17,m,29,,,,,,,,0,0
PV,941,17,7,2017,Rdoucette,33,PV,D3,17,f,35,,,,,,,,0,0
PV,942,17,7,2017,Rdoucette,33,PV,D3,17,f,23,,,,,,,,0,0
PV,943,17,7,2017,Rdoucette,33,PV,D3,18,f,38,,,,,,,,0,0
PV,944,17,7,2017,Rdoucette,33,PV,D3,18,f,39,,,,,,,,0,0
PV,945,17,7,2017,Rdoucette,33,PV,D3,18,i,15,,,,,,,,0,0
PV,946,17,7,2017,Rdoucette,33,PV,D3,18,i,18,,,,,,,,0,0
PV,947,17,7,2017,Rdoucette,33,PV,D3,18,f,43,,,,,,,,0,0
PV,948,17,7,2017,Rdoucette,33,PV,D3,18,i,12,,,,,,,,0,0
PV,949,17,7,2017,Rdoucette,33,PV,D3,18,f,23,,,,,,,,0,0
PV,950,17,7,2017,Rdoucette,33,PV,D3,18,m,57,,,,,,,,0,0
PV,951,17,7,2017,Rdoucette,33,PV,D3,19,f,61,,,,,,,,0,0
PV,952,17,7,2017,Rdoucette,33,PV,D3,19,m,31,,,,,,,,0,0
PV,953,17,7,2017,Rdoucette,33,PV,D3,19,i,12,,,,,,,,0,0
PV,954,17,7,2017,Rdoucette,33,PV,D3,19,f,38,,,,,,,,0,0
PV,955,17,7,2017,Rdoucette,33,PV,D3,19,f,30,,,,,,,,0,0
PV,956,17,7,2017,Rdoucette,33,PV,D3,19,i,15,,,,,,,,0,0
PV,957,17,7,2017,Rdoucette,33,PV,D3,19,i,18,,,,,,,,0,0
PV,958,17,7,2017,Rdoucette,33,PV,D3,19,f,38,,,,,,,,0,0
PV,959,17,7,2017,Rdoucette,33,PV,D3,20,f,82,,,,,,,,0,0
PV,960,17,7,2017,Rdoucette,33,PV,D3,20,m,59,,,,,,,,0,0
PV,961,17,7,2017,Rdoucette,33,PV,D3,20,i,15,,,,,,,,0,0
PV,962,17,7,2017,Rdoucette,33,PV,D3,20,f,54,,,,,,,,0,0
PV,963,17,7,2017,Mcomeau,33,PV,D4,1,f,24,,,,,,,,0,0
PV,964,17,7,2017,Mcomeau,33,PV,D4,1,f,34,,,,,,,,0,0
PV,965,17,7,2017,Mcomeau,33,PV,D4,1,f,27,,,,,,,,0,0
PV,966,17,7,2017,Mcomeau,33,PV,D4,1,f,23,,,,,,,,0,0
PV,967,17,7,2017,Mcomeau,33,PV,D4,1,f,24,,,,,,,,0,0
PV,968,17,7,2017,Mcomeau,33,PV,D4,1,i,11,,,,,,,,0,0
PV,969,17,7,2017,Mcomeau,33,PV,D4,1,i,11,,,,,,,,0,0
PV,970,17,7,2017,Mcomeau,33,PV,D4,1,i,15,,,,,,,,0,0
PV,971,17,7,2017,Mcomeau,33,PV,D4,1,i,10,,,,,,,,0,0
PV,972,17,7,2017,Mcomeau,33,PV,D4,1,i,14,,,,,,,,0,0
PV,973,17,7,2017,Mcomeau,33,PV,D4,1,i,10,,,,,,,,0,0
PV,974,17,7,2017,Mcomeau,33,PV,D4,1,i,18,,,,,,,,0,0
PV,975,17,7,2017,Mcomeau,33,PV,D4,1,i,20,,,,,,,,0,0
PV,976,17,7,2017,Mcomeau,33,PV,D4,1,m,31,,,,,,,,0,0
PV,977,17,7,2017,Mcomeau,33,PV,D4,1,m,37,,,,,,,,0,0
PV,978,17,7,2017,Mcomeau,33,PV,D4,1,m,28,,,,,,,,0,0
PV,979,17,7,2017,Mcomeau,33,PV,D4,1,m,52,,,,,,,,0,0
PV,980,17,7,2017,Mcomeau,33,PV,D4,2,f,30,,,,,,,,0,0
PV,981,17,7,2017,Mcomeau,33,PV,D4,2,f,22,,,,,,,,0,0
PV,982,17,7,2017,Mcomeau,33,PV,D4,2,b3,69,,,,,,,,0,0
PV,983,17,7,2017,Mcomeau,33,PV,D4,2,i,14,,,,,,,,0,0
PV,984,17,7,2017,Mcomeau,33,PV,D4,2,i,14,,,,,,,,0,0
PV,985,17,7,2017,Mcomeau,33,PV,D4,2,i,14,,,,,,,,0,0
PV,986,17,7,2017,Mcomeau,33,PV,D4,2,i,20,,,,,,,,0,0
PV,987,17,7,2017,Mcomeau,33,PV,D4,2,i,17,,,,,,,,0,0
PV,988,17,7,2017,Mcomeau,33,PV,D4,2,i,15,,,,,,,,0,0
PV,989,17,7,2017,Mcomeau,33,PV,D4,2,i,15,,,,,,,,0,0
PV,990,17,7,2017,Mcomeau,33,PV,D4,2,i,15,,,,,,,,0,0
PV,991,17,7,2017,Mcomeau,33,PV,D4,2,i,15,,,,,,,,0,0
PV,992,17,7,2017,Mcomeau,33,PV,D4,2,i,18,,,,,,,,0,0
PV,993,17,7,2017,Mcomeau,33,PV,D4,2,i,11,,,,,,,,0,0
PV,994,17,7,2017,Mcomeau,33,PV,D4,2,i,17,,,,,,,,0,0
PV,995,17,7,2017,Mcomeau,33,PV,D4,2,m,23,,,,,,,,0,0
PV,996,17,7,2017,Mcomeau,33,PV,D4,2,m,54,,,,,,,,0,0
PV,997,17,7,2017,Mcomeau,33,PV,D4,3,f,25,,,,,,,,0,0
PV,998,17,7,2017,Mcomeau,33,PV,D4,3,f,25,,,,,,,,0,0
PV,999,17,7,2017,Mcomeau,33,PV,D4,3,i,10,,,,,,,,0,0
PV,1000,17,7,2017,Mcomeau,33,PV,D4,3,i,20,,,,,,,,0,0
PV,1001,17,7,2017,Mcomeau,33,PV,D4,3,m,23,,,,,,,,0,0
PV,1002,17,7,2017,Mcomeau,33,PV,D4,3,m,72,,,,,,,,0,0
PV,1003,17,7,2017,Mcomeau,33,PV,D4,3,m,39,,,,,,,,0,0
PV,1004,17,7,2017,Mcomeau,33,PV,D4,4,f,26,,,,,,,,0,0
PV,1005,17,7,2017,Mcomeau,33,PV,D4,4,f,22,,,,,,,,0,0
PV,1006,17,7,2017,Mcomeau,33,PV,D4,4,i,19,,,,,,,,0,0
PV,1007,17,7,2017,Mcomeau,33,PV,D4,4,i,20,,,,,,,,0,0
PV,1008,17,7,2017,Mcomeau,33,PV,D4,4,i,11,,,,,,,,0,0
PV,1009,17,7,2017,Mcomeau,33,PV,D4,4,i,12,,,,,,,,0,0
PV,1010,17,7,2017,Mcomeau,33,PV,D4,4,i,16,,,,,,,,0,0
PV,1011,17,7,2017,Mcomeau,33,PV,D4,4,i,18,,,,,,,,0,0
PV,1012,17,7,2017,Mcomeau,33,PV,D4,4,i,11,,,,,,,,0,0
PV,1013,17,7,2017,Mcomeau,33,PV,D4,4,i,10,,,,,,,,0,0
PV,1014,17,7,2017,Mcomeau,33,PV,D4,4,i,12,,,,,,,,0,0
PV,1015,17,7,2017,Mcomeau,33,PV,D4,4,i,10,,,,,,,,0,0
PV,1016,17,7,2017,Mcomeau,33,PV,D4,4,i,18,,,,,,,,0,0
PV,1017,17,7,2017,Mcomeau,33,PV,D4,4,i,11,,,,,,,,0,0
PV,1018,17,7,2017,Mcomeau,33,PV,D4,4,i,17,,,,,,,,0,0
PV,1019,17,7,2017,Mcomeau,33,PV,D4,4,i,20,,,,,,,,0,0
PV,1020,17,7,2017,Mcomeau,33,PV,D4,4,i,10,,,,,,,,0,0
PV,1021,17,7,2017,Mcomeau,33,PV,D4,4,i,11,,,,,,,,0,0
PV,1022,17,7,2017,Mcomeau,33,PV,D4,4,m,29,,,,,,,,0,0
PV,1023,17,7,2017,Mcomeau,33,PV,D4,4,m,38,,,,,,,,0,0
PV,1024,17,7,2017,Mcomeau,33,PV,D4,4,m,25,,,,,,,,0,0
PV,1025,17,7,2017,Mcomeau,33,PV,D4,5,f,82,,,,,,,,0,0
PV,1026,17,7,2017,Mcomeau,33,PV,D4,5,f,58,,,,,,,,0,0
PV,1027,17,7,2017,Mcomeau,33,PV,D4,5,f,28,,,,,,,,0,0
PV,1028,17,7,2017,Mcomeau,33,PV,D4,5,f,22,,,,,,,,0,0
PV,1029,17,7,2017,Mcomeau,33,PV,D4,5,i,10,,,,,,,,0,0
PV,1030,17,7,2017,Mcomeau,33,PV,D4,5,i,16,,,,,,,,0,0
PV,1031,17,7,2017,Mcomeau,33,PV,D4,5,i,18,,,,,,,,0,0
PV,1032,17,7,2017,Mcomeau,33,PV,D4,5,i,14,,,,,,,,0,0
PV,1033,17,7,2017,Mcomeau,33,PV,D4,5,i,11,,,,,,,,0,0
PV,1034,17,7,2017,Mcomeau,33,PV,D4,5,i,20,,,,,,,,0,0
PV,1035,17,7,2017,Mcomeau,33,PV,D4,5,i,11,,,,,,,,0,0
PV,1036,17,7,2017,Mcomeau,33,PV,D4,5,i,16,,,,,,,,0,0
PV,1037,17,7,2017,Mcomeau,33,PV,D4,5,i,15,,,,,,,,0,0
PV,1038,17,7,2017,Mcomeau,33,PV,D4,5,m,31,,,,,,,,0,0
PV,1039,17,7,2017,Mcomeau,33,PV,D4,5,m,58,,,,,,,,0,0
PV,1040,17,7,2017,Mcomeau,33,PV,D4,5,m,37,,,,,,,,0,0
PV,1041,17,7,2017,Mcomeau,33,PV,D4,5,m,25,,,,,,,,0,0
PV,1042,17,7,2017,Mcomeau,33,PV,D4,5,m,39,,,,,,,,0,0
PV,1043,17,7,2017,Mcomeau,33,PV,D4,5,m,42,,,,,,,,0,0
PV,1044,17,7,2017,Mcomeau,33,PV,D4,5,m,22,,,,,,,,0,0
PV,1045,17,7,2017,Mcomeau,33,PV,D4,5,m,35,,,,,,,,0,0
PV,1046,17,7,2017,Mcomeau,33,PV,D4,8,f,55,,,,,,,,0,0
PV,1047,17,7,2017,Mcomeau,33,PV,D4,8,f,25,,,,,,,,0,0
PV,1048,17,7,2017,Mcomeau,33,PV,D4,8,f,53,,,,,,,,0,0
PV,1049,17,7,2017,Mcomeau,33,PV,D4,8,f,25,,,,,,,,0,0
PV,1050,17,7,2017,Mcomeau,33,PV,D4,8,f,53,,,,,,,,0,0
PV,1051,17,7,2017,Mcomeau,33,PV,D4,8,i,15,,,,,,,,0,0
PV,1052,17,7,2017,Mcomeau,33,PV,D4,8,m,29,,,,,,,,0,0
PV,1053,17,7,2017,Mcomeau,33,PV,D4,8,m,23,,,,,,,,0,0
PV,1054,17,7,2017,Mcomeau,33,PV,D4,8,m,65,,,,,,,,0,0
PV,1055,17,7,2017,Mcomeau,33,PV,D4,8,m,45,,,,,,,,0,0
PV,1056,17,7,2017,Mcomeau,33,PV,D4,8,m,32,,,,,,,,0,0
PV,1057,17,7,2017,Mcomeau,33,PV,D4,8,m,25,,,,,,,,0,0
PV,1058,17,7,2017,Mcomeau,33,PV,D4,9,f,22,,,,,,,,0,0
PV,1059,17,7,2017,Mcomeau,33,PV,D4,9,f,55,,,,,,,,0,0
PV,1060,17,7,2017,Mcomeau,33,PV,D4,9,f,22,,,,,,,,0,0
PV,1061,17,7,2017,Mcomeau,33,PV,D4,9,f,24,,,,,,,,0,0
PV,1062,17,7,2017,Mcomeau,33,PV,D4,9,f,65,,,,,,,,0,0
PV,1063,17,7,2017,Mcomeau,33,PV,D4,9,f,55,,,,,,,,0,0
PV,1064,17,7,2017,Mcomeau,33,PV,D4,9,f,64,,,,,,,,0,0
PV,1065,17,7,2017,Mcomeau,33,PV,D4,9,f,35,,,,,,,,0,0
PV,1066,17,7,2017,Mcomeau,33,PV,D4,9,f,24,,,,,,,,0,0
PV,1067,17,7,2017,Mcomeau,33,PV,D4,9,f,26,,,,,,,,0,0
PV,1068,17,7,2017,Mcomeau,33,PV,D4,9,i,16,,,,,,,,0,0
PV,1069,17,7,2017,Mcomeau,33,PV,D4,9,i,18,,,,,,,,0,0
PV,1070,17,7,2017,Mcomeau,33,PV,D4,9,i,12,,,,,,,,0,0
PV,1071,17,7,2017,Mcomeau,33,PV,D4,9,i,10,,,,,,,,0,0
PV,1072,17,7,2017,Mcomeau,33,PV,D4,9,i,11,,,,,,,,0,0
PV,1073,17,7,2017,Mcomeau,33,PV,D4,9,i,9,,,,,,,,0,0
PV,1074,17,7,2017,Mcomeau,33,PV,D4,9,i,20,,,,,,,,0,0
PV,1075,17,7,2017,Mcomeau,33,PV,D4,9,i,20,,,,,,,,0,0
PV,1076,17,7,2017,Mcomeau,33,PV,D4,9,i,11,,,,,,,,0,0
PV,1077,17,7,2017,Mcomeau,33,PV,D4,9,i,21,,,,,,,,0,0
PV,1078,17,7,2017,Mcomeau,33,PV,D4,9,i,10,,,,,,,,0,0
PV,1079,17,7,2017,Mcomeau,33,PV,D4,9,i,8,,,,,,,,0,0
PV,1080,17,7,2017,Mcomeau,33,PV,D4,9,i,11,,,,,,,,0,0
PV,1081,17,7,2017,Mcomeau,33,PV,D4,9,m,29,,,,,,,,0,0
PV,1082,17,7,2017,Mcomeau,33,PV,D4,9,m,22,,,,,,,,0,0
PV,1083,17,7,2017,Mcomeau,33,PV,D4,9,m,24,,,,,,,,0,0
PV,1084,17,7,2017,Mcomeau,33,PV,D4,9,m,22,,,,,,,,0,0
PV,1085,17,7,2017,Mcomeau,33,PV,D4,9,m,37,,,,,,,,0,0
PV,1086,17,7,2017,Mcomeau,33,PV,D4,9,m,29,,,,,,,,0,0
PV,1087,17,7,2017,Mcomeau,33,PV,D4,9,m,34,,,,,,,,0,0
PV,1088,17,7,2017,Mcomeau,33,PV,D4,10,f,27,,,,,,,,0,0
PV,1089,17,7,2017,Mcomeau,33,PV,D4,10,f,29,,,,,,,,0,0
PV,1090,17,7,2017,Mcomeau,33,PV,D4,10,f,23,,,,,,,,0,0
PV,1091,17,7,2017,Mcomeau,33,PV,D4,10,f,24,,,,,,,,0,0
PV,1092,17,7,2017,Mcomeau,33,PV,D4,10,f,22,,,,,,,,0,0
PV,1093,17,7,2017,Mcomeau,33,PV,D4,10,i,17,,,,,,,,0,0
PV,1094,17,7,2017,Mcomeau,33,PV,D4,10,i,15,,,,,,,,0,0
PV,1095,17,7,2017,Mcomeau,33,PV,D4,10,i,10,,,,,,,,0,0
PV,1096,17,7,2017,Mcomeau,33,PV,D4,10,i,17,,,,,,,,0,0
PV,1097,17,7,2017,Mcomeau,33,PV,D4,10,i,20,,,,,,,,0,0
PV,1098,17,7,2017,Mcomeau,33,PV,D4,10,i,20,,,,,,,,0,0
PV,1099,17,7,2017,Mcomeau,33,PV,D4,10,i,11,,,,,,,,0,0
PV,1100,17,7,2017,Mcomeau,33,PV,D4,10,i,11,,,,,,,,0,0
PV,1101,17,7,2017,Mcomeau,33,PV,D4,10,m,30,,,,,,,,0,0
PV,1102,17,7,2017,Mcomeau,33,PV,D4,10,m,25,,,,,,,,0,0
PV,1103,17,7,2017,Bcomeau,33,PV,D4,1,m,22,,,,,,,,0,0
PV,1104,17,7,2017,Bcomeau,33,PV,D4,1,f,31,,,,,,,,0,0
PV,1105,17,7,2017,Bcomeau,33,PV,D4,1,m,45,,,,,,,,0,0
PV,1106,17,7,2017,Bcomeau,33,PV,D4,1,m,24,,,,,,,,0,0
PV,1107,17,7,2017,Bcomeau,33,PV,D4,1,f,32,,,,,,,,0,0
PV,1108,17,7,2017,Bcomeau,33,PV,D4,1,f,20,,,,,,,,0,0
PV,1109,17,7,2017,Bcomeau,33,PV,D4,1,f,30,,,,,,,,0,0
PV,1110,17,7,2017,Bcomeau,33,PV,D4,1,f,23,,,,,,,,0,0
PV,1111,17,7,2017,Bcomeau,33,PV,D4,1,f,43,,,,,,,,0,0
PV,1112,17,7,2017,Bcomeau,33,PV,D4,1,f,21,,,,,,,,0,0
PV,1113,17,7,2017,Bcomeau,33,PV,D4,1,i,13,,,,,,,,0,0
PV,1114,17,7,2017,Bcomeau,33,PV,D4,1,i,11,,,,,,,,0,0
PV,1115,17,7,2017,Bcomeau,33,PV,D4,1,i,16,,,,,,,,0,0
PV,1116,17,7,2017,Bcomeau,33,PV,D4,2,m,22,,,,,,,,0,0
PV,1117,17,7,2017,Bcomeau,33,PV,D4,2,m,20,,,,,,,,0,0
PV,1118,17,7,2017,Bcomeau,33,PV,D4,2,i,18,,,,,,,,0,0
PV,1119,17,7,2017,Bcomeau,33,PV,D4,2,i,15,,,,,,,,0,0
PV,1120,17,7,2017,Bcomeau,33,PV,D4,2,f,22,,,,,,,,0,0
PV,1121,17,7,2017,Bcomeau,33,PV,D4,2,i,17,,,,,,,,0,0
PV,1122,17,7,2017,Bcomeau,33,PV,D4,2,m,24,,,,,,,,0,0
PV,1123,17,7,2017,Bcomeau,33,PV,D4,2,i,12,,,,,,,,0,0
PV,1124,17,7,2017,Bcomeau,33,PV,D4,2,i,15,,,,,,,,0,0
PV,1125,17,7,2017,Bcomeau,33,PV,D4,2,f,54,,,,,,,,0,0
PV,1126,17,7,2017,Bcomeau,33,PV,D4,2,f,25,,,,,,,,0,0
PV,1127,17,7,2017,Bcomeau,33,PV,D4,3,m,65,,,,,,,,0,0
PV,1128,17,7,2017,Bcomeau,33,PV,D4,3,m,44,,,,,,,,0,0
PV,1129,17,7,2017,Bcomeau,33,PV,D4,3,f,26,,,,,,,,0,0
PV,1130,17,7,2017,Bcomeau,33,PV,D4,3,f,25,,,,,,,,0,0
PV,1131,17,7,2017,Bcomeau,33,PV,D4,3,f,21,,,,,,,,0,0
PV,1132,17,7,2017,Bcomeau,33,PV,D4,3,i,8,,,,,,,,0,0
PV,1133,17,7,2017,Bcomeau,33,PV,D4,3,i,19,,,,,,,,0,0
PV,1134,17,7,2017,Bcomeau,33,PV,D4,3,i,18,,,,,,,,0,0
PV,1135,17,7,2017,Bcomeau,33,PV,D4,3,f,38,,,,,,,,0,0
PV,1136,17,7,2017,Bcomeau,33,PV,D4,3,m,23,,,,,,,,0,0
PV,1137,17,7,2017,Bcomeau,33,PV,D4,3,f,41,,,,,,,,0,0
PV,1138,17,7,2017,Bcomeau,33,PV,D4,3,f,26,,,,,,,,0,0
PV,1139,17,7,2017,Bcomeau,33,PV,D4,3,i,17,,,,,,,,0,0
PV,1140,17,7,2017,Bcomeau,33,PV,D4,4,f,31,,,,,,,,0,0
PV,1141,17,7,2017,Bcomeau,33,PV,D4,4,f,65,,,,,,,,0,0
PV,1142,17,7,2017,Bcomeau,33,PV,D4,4,m,72,,,,,,,,0,0
PV,1143,17,7,2017,Bcomeau,33,PV,D4,4,m,23,,,,,,,,0,0
PV,1144,17,7,2017,Bcomeau,33,PV,D4,5,i,17,,,,,,,,0,0
PV,1145,17,7,2017,Bcomeau,33,PV,D4,5,m,25,,,,,,,,0,0
PV,1146,17,7,2017,Bcomeau,33,PV,D4,5,f,23,,,,,,,,0,0
PV,1147,17,7,2017,Bcomeau,33,PV,D4,5,f,20,,,,,,,,0,0
PV,1148,17,7,2017,Bcomeau,33,PV,D4,8,i,15,,,,,,,,0,0
PV,1149,17,7,2017,Bcomeau,33,PV,D4,8,i,10,,,,,,,,0,0
PV,1150,17,7,2017,Bcomeau,33,PV,D4,8,i,13,,,,,,,,0,0
PV,1151,17,7,2017,Bcomeau,33,PV,D4,8,m,56,,,,,,,,0,0
PV,1152,17,7,2017,Bcomeau,33,PV,D4,8,i,9,,,,,,,,0,0
PV,1153,17,7,2017,Bcomeau,33,PV,D4,8,f,20,,,,,,,,0,0
PV,1154,17,7,2017,Bcomeau,33,PV,D4,8,m,50,,,,,,,,0,0
PV,1155,17,7,2017,Bcomeau,33,PV,D4,8,f,26,,,,,,,,0,0
PV,1156,17,7,2017,Bcomeau,33,PV,D4,8,f,36,,,,,,,,0,0
PV,1157,17,7,2017,Bcomeau,33,PV,D4,8,i,11,,,,,,,,0,0
PV,1158,17,7,2017,Bcomeau,33,PV,D4,8,i,16,,,,,,,,0,0
PV,1159,17,7,2017,Bcomeau,33,PV,D4,8,i,19,,,,,,,,0,0
PV,1160,17,7,2017,Bcomeau,33,PV,D4,8,m,54,,,,,,,,0,0
PV,1161,17,7,2017,Bcomeau,33,PV,D4,8,f,53,,,,,,,,0,0
PV,1162,17,7,2017,Bcomeau,33,PV,D4,8,f,55,,,,,,,,0,0
PV,1163,17,7,2017,Bcomeau,33,PV,D4,8,f,26,,,,,,,,0,0
PV,1164,17,7,2017,Bcomeau,33,PV,D4,8,i,13,,,,,,,,0,0
PV,1165,17,7,2017,Bcomeau,33,PV,D4,8,m,33,,,,,,,,0,0
PV,1166,17,7,2017,Bcomeau,33,PV,D4,8,m,20,,,,,,,,0,0
PV,1167,17,7,2017,Bcomeau,33,PV,D4,8,f,62,,,,,,,,0,0
PV,1168,17,7,2017,Bcomeau,33,PV,D4,9,m,54,,,,,,,,0,0
PV,1169,17,7,2017,Bcomeau,33,PV,D4,9,i,9,,,,,,,,0,0
PV,1170,17,7,2017,Bcomeau,33,PV,D4,9,f,51,,,,,,,,0,0
PV,1171,17,7,2017,Bcomeau,33,PV,D4,9,i,15,,,,,,,,0,0
PV,1172,17,7,2017,Bcomeau,33,PV,D4,9,f,49,,,,,,,,0,0
PV,1173,17,7,2017,Bcomeau,33,PV,D4,9,f,20,,,,,,,,0,0
PV,1174,17,7,2017,Bcomeau,33,PV,D4,9,m,34,,,,,,,,0,0
PV,1175,17,7,2017,Bcomeau,33,PV,D4,9,m,21,,,,,,,,0,0
PV,1176,17,7,2017,Bcomeau,33,PV,D4,9,f,75,,,,,,,,0,0
PV,1177,17,7,2017,Bcomeau,33,PV,D4,10,f,23,,,,,,,,0,0
PV,1178,17,7,2017,Bcomeau,33,PV,D4,10,i,15,,,,,,,,0,0
PV,1179,17,7,2017,Bcomeau,33,PV,D4,10,i,12,,,,,,,,0,0
PV,1180,17,7,2017,Bcomeau,33,PV,D4,10,f,24,,,,,,,,0,0
PV,1181,17,7,2017,Bcomeau,33,PV,D4,10,f,49,,,,,,,,0,0
PV,1182,17,7,2017,Bcomeau,33,PV,D4,10,i,12,,,,,,,,0,0
PV,1183,17,7,2017,Bcomeau,33,PV,D4,10,f,36,,,,,,,,0,0
PV,1184,17,7,2017,Bcomeau,33,PV,D4,10,f,46,,,,,,,,0,0
PV,1185,17,7,2017,Bcomeau,33,PV,D4,10,m,26,,,,,,,,0,0
PV,1186,17,7,2017,Bcomeau,33,PV,D4,10,i,18,,,,,,,,0,0
PV,1187,17,7,2017,Bcomeau,33,PV,D4,10,i,12,,,,,,,,0,0
PV,1188,17,7,2017,Bcomeau,33,PV,D4,10,i,13,,,,,,,,0,0
