REG,Marker ,Jour,Mois,Année,Plongeur,Depth_(ft),Site,Transect,section,Sex,LC_(mm),Sa,Va,Du,Al,Gr,Ca,C,MartinMallet,UPM,
RI,1,30,7,2018,Mcomeau,26,RI,1,2,f,63,,,,,,,,0,0,
RI,2,30,7,2018,Mcomeau,26,RI,1,2,f,61,,,,,,,,0,0,
RI,3,30,7,2018,Mcomeau,26,RI,1,2,f,29,,,,,,,,0,0,
RI,4,30,7,2018,Mcomeau,26,RI,1,2,f,23,,,,,,,,0,0,
RI,5,30,7,2018,Mcomeau,26,RI,1,2,f,30,,,,,,,,0,0,
RI,6,30,7,2018,Mcomeau,26,RI,1,2,f,31,,,,,,,,0,0,
RI,7,30,7,2018,Mcomeau,26,RI,1,2,f,37,,,,,,,,0,0,
RI,8,30,7,2018,Mcomeau,26,RI,1,2,f,43,,,,,,,,0,0,
RI,9,30,7,2018,Mcomeau,26,RI,1,2,f,27,,,,,,,,0,0,
RI,10,30,7,2018,Mcomeau,26,RI,1,2,f,30,,,,,,,,0,0,
RI,11,30,7,2018,Mcomeau,26,RI,1,2,f,40,,,,,,,,0,0,
RI,12,30,7,2018,Mcomeau,26,RI,1,2,i,8,,,,,,,,0,0,
RI,13,30,7,2018,Mcomeau,26,RI,1,2,i,10,,,,,,,,0,0,
RI,14,30,7,2018,Mcomeau,26,RI,1,2,i,11,,,,,,,,0,0,
RI,15,30,7,2018,Mcomeau,26,RI,1,2,i,9,,,,,,,,0,0,
RI,16,30,7,2018,Mcomeau,26,RI,1,2,i,11,,,,,,,,0,0,
RI,17,30,7,2018,Mcomeau,26,RI,1,2,i,11,,,,,,,,0,0,
RI,18,30,7,2018,Mcomeau,26,RI,1,2,i,12,,,,,,,,0,0,
RI,19,30,7,2018,Mcomeau,26,RI,1,2,i,12,,,,,,,,0,0,
RI,20,30,7,2018,Mcomeau,26,RI,1,2,i,10,,,,,,,,0,0,
RI,21,30,7,2018,Mcomeau,26,RI,1,2,i,11,,,,,,,,0,0,
RI,22,30,7,2018,Mcomeau,26,RI,1,2,i,10,,,,,,,,0,0,
RI,23,30,7,2018,Mcomeau,26,RI,1,2,i,12,,,,,,,,0,0,
RI,24,30,7,2018,Mcomeau,26,RI,1,2,i,11,,,,,,,,0,0,
RI,25,30,7,2018,Mcomeau,26,RI,1,2,i,12,,,,,,,,0,0,
RI,26,30,7,2018,Mcomeau,26,RI,1,2,i,22,,,,,,,,0,0,
RI,27,30,7,2018,Mcomeau,26,RI,1,2,i,21,,,,,,,,0,0,
RI,28,30,7,2018,Mcomeau,26,RI,1,2,i,15,,,,,,,,0,0,
RI,29,30,7,2018,Mcomeau,26,RI,1,2,i,12,,,,,,,,0,0,
RI,30,30,7,2018,Mcomeau,26,RI,1,2,i,15,,,,,,,,0,0,
RI,31,30,7,2018,Mcomeau,26,RI,1,2,i,19,,,,,,,,0,0,
RI,32,30,7,2018,Mcomeau,26,RI,1,2,i,12,,,,,,,,0,0,
RI,33,30,7,2018,Mcomeau,26,RI,1,2,i,12,,,,,,,,0,0,
RI,34,30,7,2018,Mcomeau,26,RI,1,2,i,15,,,,,,,,0,0,
RI,35,30,7,2018,Mcomeau,26,RI,1,2,i,19,,,,,,,,0,0,
RI,36,30,7,2018,Mcomeau,26,RI,1,2,i,12,,,,,,,,0,0,
RI,37,30,7,2018,Mcomeau,26,RI,1,2,i,15,,,,,,,,0,0,
RI,38,30,7,2018,Mcomeau,26,RI,1,2,i,15,,,,,,,,0,0,
RI,39,30,7,2018,Mcomeau,26,RI,1,2,i,14,,,,,,,,0,0,
RI,40,30,7,2018,Mcomeau,26,RI,1,2,i,9,,,,,,,,0,0,
RI,41,30,7,2018,Mcomeau,26,RI,1,2,i,9,,,,,,,,0,0,
RI,42,30,7,2018,Mcomeau,26,RI,1,2,i,12,,,,,,,,0,0,
RI,43,30,7,2018,Mcomeau,26,RI,1,2,i,11,,,,,,,,0,0,
RI,44,30,7,2018,Mcomeau,26,RI,1,2,i,15,,,,,,,,0,0,
RI,45,30,7,2018,Mcomeau,26,RI,1,2,i,12,,,,,,,,0,0,
RI,46,30,7,2018,Mcomeau,26,RI,1,2,i,14,,,,,,,,0,0,
RI,47,30,7,2018,Mcomeau,26,RI,1,2,i,10,,,,,,,,0,0,
RI,48,30,7,2018,Mcomeau,26,RI,1,2,i,22,,,,,,,,0,0,
RI,49,30,7,2018,Mcomeau,26,RI,1,2,m,41,,,,,,,,0,0,
RI,50,30,7,2018,Mcomeau,26,RI,1,2,m,28,,,,,,,,0,0,
RI,51,30,7,2018,Mcomeau,26,RI,1,2,m,38,,,,,,,,0,0,
RI,52,30,7,2018,Mcomeau,26,RI,1,2,m,27,,,,,,,,0,0,
RI,53,30,7,2018,Mcomeau,26,RI,1,2,m,26,,,,,,,,0,0,
RI,54,30,7,2018,Mcomeau,26,RI,1,2,m,79,,,,,,,,0,0,
RI,55,30,7,2018,Mcomeau,26,RI,1,2,m,40,,,,,,,,0,0,
RI,56,30,7,2018,Mcomeau,26,RI,1,2,m,27,,,,,,,,0,0,
RI,57,30,7,2018,Mcomeau,26,RI,1,2,m,101,,,,,,,,0,0,
RI,58,30,7,2018,Mcomeau,26,RI,1,2,m,25,,,,,,,,0,0,
RI,59,30,7,2018,Mcomeau,26,RI,1,2,m,72,,,,,,,,0,0,
RI,60,30,7,2018,Mcomeau,26,RI,1,4,m,30,,,,,,,,0,0,
RI,61,30,7,2018,Mcomeau,26,RI,1,4,m,30,,,,,,,,0,0,
RI,62,30,7,2018,Mcomeau,26,RI,1,4,m,32,,,,,,,,0,0,
RI,63,30,7,2018,Mcomeau,26,RI,1,4,m,32,,,,,,,,0,0,
RI,64,30,7,2018,Mcomeau,26,RI,1,4,m,62,,,,,,,,0,0,
RI,65,30,7,2018,Mcomeau,26,RI,1,4,m,40,,,,,,,,0,0,
RI,66,30,7,2018,Mcomeau,26,RI,1,4,m,53,,,,,,,,0,0,
RI,67,30,7,2018,Mcomeau,26,RI,1,4,m,31,,,,,,,,0,0,
RI,68,30,7,2018,Mcomeau,26,RI,1,4,m,37,,,,,,,,0,0,
RI,69,30,7,2018,Mcomeau,26,RI,1,4,i,17,,,,,,,,0,0,
RI,70,30,7,2018,Mcomeau,26,RI,1,4,i,10,,,,,,,,0,0,
RI,71,30,7,2018,Mcomeau,26,RI,1,4,i,11,,,,,,,,0,0,
RI,72,30,7,2018,Mcomeau,26,RI,1,4,i,19,,,,,,,,0,0,
RI,73,30,7,2018,Mcomeau,26,RI,1,4,i,12,,,,,,,,0,0,
RI,74,30,7,2018,Mcomeau,26,RI,1,4,i,11,,,,,,,,0,0,
RI,75,30,7,2018,Mcomeau,26,RI,1,4,i,10,,,,,,,,0,0,
RI,76,30,7,2018,Mcomeau,26,RI,1,4,i,11,,,,,,,,0,0,
RI,77,30,7,2018,Mcomeau,26,RI,1,4,i,13,,,,,,,,0,0,
RI,78,30,7,2018,Mcomeau,26,RI,1,4,i,10,,,,,,,,0,0,
RI,79,30,7,2018,Mcomeau,26,RI,1,4,i,9,,,,,,,,0,0,
RI,80,30,7,2018,Mcomeau,26,RI,1,4,i,10,,,,,,,,0,0,
RI,81,30,7,2018,Mcomeau,26,RI,1,4,i,11,,,,,,,,0,0,
RI,82,30,7,2018,Mcomeau,26,RI,1,4,i,10,,,,,,,,0,0,
RI,83,30,7,2018,Mcomeau,26,RI,1,4,i,10,,,,,,,,0,0,
RI,84,30,7,2018,Mcomeau,26,RI,1,4,i,10,,,,,,,,0,0,
RI,85,30,7,2018,Mcomeau,26,RI,1,4,i,15,,,,,,,,0,0,
RI,86,30,7,2018,Mcomeau,26,RI,1,4,i,18,,,,,,,,0,0,
RI,87,30,7,2018,Mcomeau,26,RI,1,4,i,10,,,,,,,,0,0,
RI,88,30,7,2018,Mcomeau,26,RI,1,4,i,11,,,,,,,,0,0,
RI,89,30,7,2018,Mcomeau,26,RI,1,4,i,10,,,,,,,,0,0,
RI,90,30,7,2018,Mcomeau,26,RI,1,4,f,67,,,,,,,,0,0,
RI,91,30,7,2018,Mcomeau,26,RI,1,4,f,23,,,,,,,,0,0,
RI,92,30,7,2018,Mcomeau,26,RI,1,4,f,26,,,,,,,,0,0,
RI,93,30,7,2018,Mcomeau,26,RI,1,4,f,50,,,,,,,,0,0,
RI,94,30,7,2018,Mcomeau,26,RI,1,4,f,48,,,,,,,,0,0,
RI,95,30,7,2018,Mcomeau,26,RI,1,4,f,28,,,,,,,,0,0,
RI,96,30,7,2018,Mcomeau,26,RI,1,4,f,25,,,,,,,,0,0,
RI,97,30,7,2018,Mcomeau,26,RI,1,4,f,23,,,,,,,,0,0,
RI,98,30,7,2018,Mcomeau,26,RI,1,4,f,25,,,,,,,,0,0,
RI,99,30,7,2018,Mcomeau,26,RI,1,4,f,23,,,,,,,,0,0,
RI,100,30,7,2018,Mcomeau,26,RI,1,4,f,31,,,,,,,,0,0,
RI,101,30,7,2018,Mcomeau,26,RI,1,4,f,33,,,,,,,,0,0,
RI,102,30,7,2018,Mcomeau,26,RI,1,4,f,22,,,,,,,,0,0,
RI,103,30,7,2018,Mcomeau,26,RI,1,4,f,22,,,,,,,,0,0,
RI,104,30,7,2018,Mcomeau,26,RI,1,4,f,26,,,,,,,,0,0,
RI,105,30,7,2018,Mcomeau,26,RI,1,5,f,41,,,,,,,,0,0,
RI,106,30,7,2018,Mcomeau,26,RI,1,5,f,80,,,,,,,,0,0,
RI,107,30,7,2018,Mcomeau,26,RI,1,5,f,36,,,,,,,,0,0,
RI,108,30,7,2018,Mcomeau,26,RI,1,5,f,37,,,,,,,,0,0,
RI,109,30,7,2018,Mcomeau,26,RI,1,5,f,27,,,,,,,,0,0,
RI,110,30,7,2018,Mcomeau,26,RI,1,5,f,28,,,,,,,,0,0,
RI,111,30,7,2018,Mcomeau,26,RI,1,5,f,23,,,,,,,,0,0,
RI,112,30,7,2018,Mcomeau,26,RI,1,5,f,24,,,,,,,,0,0,
RI,113,30,7,2018,Mcomeau,26,RI,1,5,m,58,,,,,,,,0,0,
RI,114,30,7,2018,Mcomeau,26,RI,1,5,m,55,,,,,,,,0,0,
RI,115,30,7,2018,Mcomeau,26,RI,1,5,m,53,,,,,,,,0,0,
RI,116,30,7,2018,Mcomeau,26,RI,1,5,m,42,,,,,,,,0,0,
RI,117,30,7,2018,Mcomeau,26,RI,1,5,m,31,,,,,,,,0,0,
RI,118,30,7,2018,Mcomeau,26,RI,1,5,m,42,,,,,,,,0,0,
RI,119,30,7,2018,Mcomeau,26,RI,1,5,m,34,,,,,,,,0,0,
RI,120,30,7,2018,Mcomeau,26,RI,1,5,m,41,,,,,,,,0,0,
RI,121,30,7,2018,Mcomeau,26,RI,1,5,m,53,,,,,,,,0,0,
RI,122,30,7,2018,Mcomeau,26,RI,1,5,i,21,,,,,,,,0,0,
RI,123,30,7,2018,Mcomeau,26,RI,1,5,i,14,,,,,,,,0,0,
RI,124,30,7,2018,Mcomeau,26,RI,1,5,i,18,,,,,,,,0,0,
RI,125,30,7,2018,Mcomeau,26,RI,1,5,i,12,,,,,,,,0,0,
RI,126,30,7,2018,Mcomeau,26,RI,1,5,i,14,,,,,,,,0,0,
RI,127,30,7,2018,Mcomeau,26,RI,1,5,i,26,,,,,,,,0,0,
RI,128,30,7,2018,Mcomeau,26,RI,1,5,i,13,,,,,,,,0,0,
RI,129,30,7,2018,Mcomeau,26,RI,1,5,i,22,,,,,,,,0,0,
RI,130,30,7,2018,Mcomeau,26,RI,1,5,i,12,,,,,,,,0,0,
RI,131,30,7,2018,Mcomeau,26,RI,1,5,i,18,,,,,,,,0,0,
RI,132,30,7,2018,Mcomeau,26,RI,1,5,i,16,,,,,,,,0,0,
RI,133,30,7,2018,Mcomeau,26,RI,1,5,i,17,,,,,,,,0,0,
RI,134,30,7,2018,Mcomeau,26,RI,1,5,i,22,,,,,,,,0,0,
RI,135,30,7,2018,Mcomeau,26,RI,1,5,i,12,,,,,,,,0,0,
RI,136,30,7,2018,Mcomeau,26,RI,1,5,i,13,,,,,,,,0,0,
RI,137,30,7,2018,Mcomeau,26,RI,1,5,i,10,,,,,,,,0,0,
RI,138,30,7,2018,Mcomeau,26,RI,1,5,i,11,,,,,,,,0,0,
RI,139,30,7,2018,Mcomeau,26,RI,1,5,i,17,,,,,,,,0,0,
RI,140,30,7,2018,Mcomeau,26,RI,1,5,i,10,,,,,,,,0,0,
RI,141,30,7,2018,Mcomeau,26,RI,1,5,i,11,,,,,,,,0,0,
RI,142,30,7,2018,Mcomeau,26,RI,1,5,i,18,,,,,,,,0,0,
RI,143,30,7,2018,Mcomeau,26,RI,1,5,i,15,,,,,,,,0,0,
RI,144,30,7,2018,Bcomeau,26,RI,1,3,m,80,,,,,,,,0,0,
RI,145,30,7,2018,Bcomeau,26,RI,1,3,f,25,,,,,,,,0,0,
RI,146,30,7,2018,Bcomeau,26,RI,1,3,i,12,,,,,,,,0,0,
RI,147,30,7,2018,Bcomeau,26,RI,1,3,i,15,,,,,,,,0,0,
RI,148,30,7,2018,Bcomeau,26,RI,1,3,b1,74,,,,,,,,0,0,
RI,149,30,7,2018,Bcomeau,26,RI,1,3,m,28,,,,,,,,0,0,
RI,150,30,7,2018,Bcomeau,26,RI,1,3,i,19,,,,,,,,0,0,
RI,151,30,7,2018,Bcomeau,26,RI,1,3,i,8,,,,,,,,0,0,
RI,152,30,7,2018,Bcomeau,26,RI,1,3,i,16,,,,,,,,0,0,
RI,153,30,7,2018,Bcomeau,26,RI,1,3,f,25,,,,,,,,0,0,
RI,154,30,7,2018,Bcomeau,26,RI,1,3,m,22,,,,,,,,0,0,
RI,155,30,7,2018,Bcomeau,26,RI,1,3,m,35,,,,,,,,0,0,
RI,156,30,7,2018,Bcomeau,26,RI,1,3,i,11,,,,,,,,0,0,
RI,157,30,7,2018,Bcomeau,26,RI,1,3,f,40,,,,,,,,0,0,
RI,158,30,7,2018,Bcomeau,26,RI,1,3,f,62,,,,,,,,0,0,
RI,159,30,7,2018,Bcomeau,26,RI,1,3,f,25,,,,,,,,0,0,
RI,160,30,7,2018,Bcomeau,26,RI,1,3,i,13,,,,,,,,0,0,
RI,161,30,7,2018,Bcomeau,26,RI,1,3,i,14,,,,,,,,0,0,
RI,162,30,7,2018,Bcomeau,26,RI,1,3,i,13,,,,,,,,0,0,
RI,163,30,7,2018,Bcomeau,26,RI,1,3,f,30,,,,,,,,0,0,
RI,164,30,7,2018,Bcomeau,26,RI,1,3,m,42,,,,,,,,0,0,
RI,165,30,7,2018,Bcomeau,26,RI,1,3,i,15,,,,,,,,0,0,
RI,166,30,7,2018,Bcomeau,26,RI,1,3,i,12,,,,,,,,0,0,
RI,167,30,7,2018,Bcomeau,26,RI,1,3,i,15,,,,,,,,0,0,
RI,168,30,7,2018,Bcomeau,26,RI,1,3,f,28,,,,,,,,0,0,
RI,169,30,7,2018,Bcomeau,26,RI,1,3,i,19,,,,,,,,0,0,
RI,170,30,7,2018,Bcomeau,26,RI,1,3,i,12,,,,,,,,0,0,
RI,171,30,7,2018,Bcomeau,26,RI,1,4,m,44,,,,,,,,0,0,
RI,172,30,7,2018,Bcomeau,26,RI,1,4,m,21,,,,,,,,0,0,
RI,173,30,7,2018,Bcomeau,26,RI,1,4,m,50,,,,,,,,0,0,
RI,174,30,7,2018,Bcomeau,26,RI,1,4,m,26,,,,,,,,0,0,
RI,175,30,7,2018,Bcomeau,26,RI,1,4,m,37,,,,,,,,0,0,
RI,176,30,7,2018,Bcomeau,26,RI,1,4,m,29,,,,,,,,0,0,
RI,177,30,7,2018,Bcomeau,26,RI,1,4,m,20,,,,,,,,0,0,
RI,178,30,7,2018,Bcomeau,26,RI,1,4,m,93,,,,,,,,0,0,
RI,179,30,7,2018,Bcomeau,26,RI,1,4,m,24,,,,,,,,0,0,
RI,180,30,7,2018,Bcomeau,26,RI,1,4,m,60,,,,,,,,0,0,
RI,181,30,7,2018,Bcomeau,26,RI,1,4,b1,68,,,,,,,,0,0,
RI,182,30,7,2018,Bcomeau,26,RI,1,4,b3,69,,,,,,,,0,0,
RI,183,30,7,2018,Bcomeau,26,RI,1,4,f,65,,,,,,,,0,0,
RI,184,30,7,2018,Bcomeau,26,RI,1,4,f,25,,,,,,,,0,0,
RI,185,30,7,2018,Bcomeau,26,RI,1,4,f,24,,,,,,,,0,0,
RI,186,30,7,2018,Bcomeau,26,RI,1,4,f,29,,,,,,,,0,0,
RI,187,30,7,2018,Bcomeau,26,RI,1,4,f,60,,,,,,,,0,0,
RI,188,30,7,2018,Bcomeau,26,RI,1,4,f,72,,,,,,,,0,0,
RI,189,30,7,2018,Bcomeau,26,RI,1,4,i,13,,,,,,,,0,0,
RI,190,30,7,2018,Bcomeau,26,RI,1,4,i,12,,,,,,,,0,0,
RI,191,30,7,2018,Bcomeau,26,RI,1,4,i,10,,,,,,,,0,0,
RI,192,30,7,2018,Bcomeau,26,RI,1,4,i,13,,,,,,,,0,0,
RI,193,30,7,2018,Bcomeau,26,RI,1,4,i,10,,,,,,,,0,0,
RI,194,30,7,2018,Bcomeau,26,RI,1,4,i,12,,,,,,,,0,0,
RI,195,30,7,2018,Bcomeau,26,RI,1,4,i,16,,,,,,,,0,0,
RI,196,30,7,2018,Bcomeau,26,RI,1,4,i,11,,,,,,,,0,0,
RI,197,30,7,2018,Bcomeau,26,RI,1,4,i,11,,,,,,,,0,0,
RI,198,30,7,2018,Bcomeau,26,RI,1,4,i,20,,,,,,,,0,0,
RI,199,30,7,2018,Bcomeau,26,RI,1,4,i,20,,,,,,,,0,0,
RI,200,30,7,2018,Bcomeau,26,RI,1,4,i,20,,,,,,,,0,0,
RI,201,30,7,2018,Bcomeau,26,RI,1,4,i,19,,,,,,,,0,0,
RI,202,30,7,2018,Bcomeau,26,RI,1,4,i,13,,,,,,,,0,0,
RI,203,30,7,2018,Bcomeau,26,RI,1,4,i,12,,,,,,,,0,0,
RI,204,30,7,2018,Bcomeau,26,RI,1,4,i,16,,,,,,,,0,0,
RI,205,30,7,2018,Bcomeau,26,RI,1,4,i,16,,,,,,,,0,0,
RI,206,30,7,2018,Bcomeau,26,RI,1,4,i,15,,,,,,,,0,0,
RI,207,30,7,2018,Bcomeau,26,RI,1,4,i,12,,,,,,,,0,0,
RI,208,30,7,2018,Bcomeau,26,RI,1,4,i,16,,,,,,,,0,0,
RI,209,30,7,2018,Bcomeau,26,RI,1,4,i,11,,,,,,,,0,0,
RI,210,30,7,2018,Bcomeau,26,RI,1,4,i,10,,,,,,,,0,0,
RI,211,30,7,2018,Bcomeau,26,RI,1,4,i,16,,,,,,,,0,0,
RI,212,30,7,2018,Bcomeau,26,RI,1,4,i,12,,,,,,,,0,0,
RI,213,30,7,2018,Bcomeau,26,RI,1,4,i,10,,,,,,,,0,0,
RI,214,30,7,2018,Bcomeau,26,RI,1,4,i,13,,,,,,,,0,0,
RI,215,30,7,2018,Bcomeau,26,RI,1,4,i,20,,,,,,,,0,0,
RI,216,30,7,2018,Bcomeau,26,RI,1,4,i,19,,,,,,,,0,0,
RI,217,30,7,2018,Bcomeau,26,RI,1,4,i,21,,,,,,,,0,0,
RI,218,30,7,2018,Bcomeau,26,RI,1,4,i,19,,,,,,,,0,0,
RI,219,30,7,2018,Bcomeau,26,RI,1,4,i,9,,,,,,,,0,0,
RI,220,30,7,2018,Bcomeau,26,RI,1,4,i,12,,,,,,,,0,0,
RI,221,30,7,2018,Bcomeau,26,RI,1,4,i,16,,,,,,,,0,0,
RI,222,30,7,2018,Bcomeau,26,RI,1,4,i,12,,,,,,,,0,0,
RI,223,30,7,2018,Bcomeau,26,RI,1,4,i,20,,,,,,,,0,0,
RI,224,30,7,2018,Bcomeau,26,RI,1,4,i,14,,,,,,,,0,0,
RI,225,30,7,2018,Bcomeau,26,RI,1,4,i,20,,,,,,,,0,0,
RI,226,30,7,2018,Bcomeau,26,RI,1,4,i,15,,,,,,,,0,0,
RI,227,30,7,2018,Bcomeau,26,RI,1,4,i,15,,,,,,,,0,0,
RI,228,30,7,2018,Bcomeau,26,RI,1,4,i,18,,,,,,,,0,0,
RI,229,30,7,2018,Bcomeau,26,RI,1,4,i,16,,,,,,,,0,0,
RI,230,30,7,2018,Bcomeau,26,RI,1,4,i,16,,,,,,,,0,0,
RI,231,30,7,2018,Bcomeau,26,RI,1,4,i,13,,,,,,,,0,0,
RI,232,30,7,2018,Bcomeau,26,RI,1,4,i,14,,,,,,,,0,0,
RI,233,30,7,2018,Bcomeau,26,RI,1,4,i,13,,,,,,,,0,0,
RI,234,30,7,2018,Bcomeau,26,RI,1,4,i,14,,,,,,,,0,0,
RI,235,30,7,2018,Bcomeau,26,RI,1,4,i,17,,,,,,,,0,0,
RI,236,30,7,2018,Dgiard,28,RI,2,9,m,34,,,,,,,,0,0,
RI,237,30,7,2018,Dgiard,28,RI,2,9,f,37,,,,,,,,0,0,
RI,238,30,7,2018,Dgiard,28,RI,2,9,i,25,,,,,,,,0,0,
RI,239,30,7,2018,Dgiard,28,RI,2,9,i,19,,,,,,,,0,0,
RI,240,30,7,2018,Dgiard,28,RI,2,9,i,15,,,,,,,,0,0,
RI,241,30,7,2018,Dgiard,28,RI,2,9,f,32,,,,,,,,0,0,
RI,242,30,7,2018,Dgiard,28,RI,2,9,m,61,,,,,,,,0,0,
RI,243,30,7,2018,Dgiard,28,RI,2,9,f,46,,,,,,,,0,0,
RI,244,30,7,2018,Dgiard,28,RI,2,9,m,33,,,,,,,,0,0,
RI,245,30,7,2018,Dgiard,28,RI,2,9,f,34,,,,,,,,0,0,
RI,246,30,7,2018,Dgiard,28,RI,2,9,m,52,,,,,,,,0,0,
RI,247,30,7,2018,Dgiard,28,RI,2,9,i,15,,,,,,,,0,0,
RI,248,30,7,2018,Dgiard,28,RI,2,9,i,19,,,,,,,,0,0,
RI,249,30,7,2018,Dgiard,28,RI,2,10,m,51,,,,,,,,0,0,
RI,250,30,7,2018,Dgiard,28,RI,2,10,i,28,,,,,,,,0,0,
RI,251,30,7,2018,Dgiard,28,RI,2,10,i,20,,,,,,,,0,0,
RI,252,30,7,2018,Dgiard,28,RI,2,10,i,18,,,,,,,,0,0,
RI,253,30,7,2018,Dgiard,28,RI,2,10,m,31,,,,,,,,0,0,
RI,254,30,7,2018,Dgiard,28,RI,2,10,i,22,,,,,,,,0,0,
RI,255,30,7,2018,Dgiard,28,RI,2,10,i,12,,,,,,,,0,0,
RI,256,30,7,2018,Dgiard,28,RI,2,10,i,14,,,,,,,,0,0,
RI,257,30,7,2018,Dgiard,28,RI,2,10,i,18,,,,,,,,0,0,
RI,258,30,7,2018,Dgiard,28,RI,2,10,i,12,,,,,,,,0,0,
RI,259,30,7,2018,Dgiard,28,RI,2,10,i,16,,,,,,,,0,0,
RI,260,30,7,2018,Dgiard,28,RI,2,10,i,24,,,,,,,,0,0,
RI,261,30,7,2018,Dgiard,28,RI,2,10,i,12,,,,,,,,0,0,
RI,262,30,7,2018,Dgiard,28,RI,2,10,i,18,,,,,,,,0,0,
RI,263,30,7,2018,Dgiard,28,RI,2,10,i,16,,,,,,,,0,0,
RI,264,30,7,2018,Dgiard,28,RI,2,10,i,20,,,,,,,,0,0,
RI,265,30,7,2018,Dgiard,28,RI,2,10,i,18,,,,,,,,0,0,
RI,266,30,7,2018,Dgiard,28,RI,2,10,f,67,,,,,,,,0,0,
RI,267,30,7,2018,Dgiard,28,RI,2,15,i,16,,,,,,,,0,0,
RI,268,30,7,2018,Dgiard,28,RI,2,15,i,25,,,,,,,,0,0,
RI,269,30,7,2018,Dgiard,28,RI,2,15,i,19,,,,,,,,0,0,
RI,270,30,7,2018,Dgiard,28,RI,2,15,i,21,,,,,,,,0,0,
RI,271,30,7,2018,Dgiard,28,RI,2,15,i,14,,,,,,,,0,0,
RI,272,30,7,2018,Dgiard,28,RI,2,15,i,11,,,,,,,,0,0,
RI,273,30,7,2018,Dgiard,28,RI,2,15,i,28,,,,,,,,0,0,
RI,274,30,7,2018,Dgiard,28,RI,2,15,i,12,,,,,,,,0,0,
RI,275,30,7,2018,Dgiard,28,RI,2,15,f,66,,,,,,,,0,0,
RI,276,30,7,2018,Dgiard,28,RI,2,15,m,31,,,,,,,,0,0,
RI,277,30,7,2018,Dgiard,28,RI,2,15,i,12,,,,,,,,0,0,
RI,278,30,7,2018,Dgiard,28,RI,2,15,i,25,,,,,,,,0,0,
RI,279,30,7,2018,Dgiard,28,RI,2,15,i,9,,,,,,,,0,0,
RI,280,30,7,2018,Dgiard,28,RI,2,15,i,12,,,,,,,,0,0,
RI,281,30,7,2018,Dgiard,28,RI,2,15,i,10,,,,,,,,0,0,
RI,282,30,7,2018,Dgiard,28,RI,2,15,i,10,,,,,,,,0,0,
RI,283,30,7,2018,Dgiard,28,RI,2,15,i,30,,,,,,,,0,0,
RI,284,30,7,2018,Dgiard,28,RI,2,15,i,18,,,,,,,,0,0,
RI,285,30,7,2018,Dgiard,28,RI,2,15,I ,28,,,,,,,,0,0,
RI,286,30,7,2018,Dgiard,28,RI,2,15,f,50,,,,,,,,0,0,
RI,287,30,7,2018,Dgiard,28,RI,2,15,m,31,,,,,,,,0,0,
RI,288,30,7,2018,Dgiard,28,RI,2,15,i,10,,,,,,,,0,0,
RI,289,30,7,2018,Krobertson,28,RI,2,8,i,11,,,,,,,,0,0,
RI,290,30,7,2018,Krobertson,28,RI,2,8,i,13,,,,,,,,0,0,
RI,291,30,7,2018,Krobertson,28,RI,2,8,i,21,,,,,,,,0,0,
RI,292,30,7,2018,Krobertson,28,RI,2,8,i,22,,,,,,,,0,0,
RI,293,30,7,2018,Krobertson,28,RI,2,8,i,10,,,,,,,,0,0,
RI,294,30,7,2018,Krobertson,28,RI,2,8,i,9,,,,,,,,0,0,
RI,295,30,7,2018,Krobertson,28,RI,2,8,i,16,,,,,,,,0,0,
RI,296,30,7,2018,Krobertson,28,RI,2,8,i,8,,,,,,,,0,0,
RI,297,30,7,2018,Krobertson,28,RI,2,8,m,28,,,,,,,,0,0,
RI,298,30,7,2018,Krobertson,28,RI,2,8,m,34,,,,,,,,0,0,
RI,299,30,7,2018,Krobertson,28,RI,2,8,m,37,,,,,,,,0,0,
RI,300,30,7,2018,Krobertson,28,RI,2,8,m,47,,,,,,,,0,0,
RI,301,30,7,2018,Krobertson,28,RI,2,8,m,31,,,,,,,,0,0,
RI,302,30,7,2018,Krobertson,28,RI,2,8,f,25,,,,,,,,0,0,
RI,303,30,7,2018,Krobertson,28,RI,2,8,f,34,,,,,,,,0,0,
RI,304,30,7,2018,Krobertson,28,RI,2,8,f,35,,,,,,,,0,0,
RI,305,30,7,2018,Krobertson,28,RI,2,8,f,33,,,,,,,,0,0,
RI,306,30,7,2018,Krobertson,28,RI,2,9,f,25,,,,,,,,0,0,
RI,307,30,7,2018,Krobertson,28,RI,2,9,f,38,,,,,,,,0,0,
RI,308,30,7,2018,Krobertson,28,RI,2,9,f,67,,,,,,,,0,0,
RI,309,30,7,2018,Krobertson,28,RI,2,9,f,51,,,,,,,,0,0,
RI,310,30,7,2018,Krobertson,28,RI,2,9,f,34,,,,,,,,0,0,
RI,311,30,7,2018,Krobertson,28,RI,2,9,f,29,,,,,,,,0,0,
RI,312,30,7,2018,Krobertson,28,RI,2,9,m,38,,,,,,,,0,0,
RI,313,30,7,2018,Krobertson,28,RI,2,9,i,11,,,,,,,,0,0,
RI,314,30,7,2018,Krobertson,28,RI,2,9,i,15,,,,,,,,0,0,
RI,315,30,7,2018,Krobertson,28,RI,2,9,i,13,,,,,,,,0,0,
RI,316,30,7,2018,Krobertson,28,RI,2,9,i,11,,,,,,,,0,0,
RI,317,30,7,2018,Krobertson,28,RI,2,9,i,12,,,,,,,,0,0,
RI,318,30,7,2018,Krobertson,28,RI,2,9,i,11,,,,,,,,0,0,
RI,319,30,7,2018,Krobertson,28,RI,2,9,i,19,,,,,,,,0,0,
RI,320,30,7,2018,Krobertson,28,RI,2,9,i,18,,,,,,,,0,0,
RI,321,30,7,2018,Krobertson,28,RI,2,9,i,21,,,,,,,,0,0,
RI,322,30,7,2018,Krobertson,28,RI,2,9,i,13,,,,,,,,0,0,
RI,323,30,7,2018,Krobertson,28,RI,2,9,i,23,,,,,,,,0,0,
RI,324,30,7,2018,Krobertson,28,RI,2,9,i,13,,,,,,,,0,0,
RI,325,30,7,2018,Krobertson,28,RI,2,9,i,16,,,,,,,,0,0,
RI,326,30,7,2018,Krobertson,28,RI,2,9,i,10,,,,,,,,0,0,
RI,327,30,7,2018,Krobertson,28,RI,2,9,i,9,,,,,,,,0,0,
RI,328,30,7,2018,Krobertson,28,RI,2,9,i,9,,,,,,,,0,0,
RI,329,30,7,2018,Krobertson,28,RI,2,9,i,11,,,,,,,,0,0,
RI,330,30,7,2018,Krobertson,28,RI,2,9,i,11,,,,,,,,0,0,
RI,331,30,7,2018,Krobertson,28,RI,2,9,i,16,,,,,,,,0,0,
RI,332,30,7,2018,Krobertson,28,RI,2,9,i,13,,,,,,,,0,0,
RI,333,30,7,2018,Krobertson,28,RI,2,9,i,14,,,,,,,,0,0,
RI,334,30,7,2018,Krobertson,28,RI,2,9,i,15,,,,,,,,0,0,
RI,335,30,7,2018,Krobertson,28,RI,2,9,i,12,,,,,,,,0,0,
RI,336,30,7,2018,Krobertson,28,RI,2,9,i,10,,,,,,,,0,0,
RI,337,30,7,2018,Krobertson,28,RI,2,9,b1,72,,,,,,,,0,0,
RI,338,30,7,2018,Krobertson,28,RI,2,12,i,10,,,,,,,,0,0,
RI,339,30,7,2018,Krobertson,28,RI,2,12,i,16,,,,,,,,0,0,
RI,340,30,7,2018,Krobertson,28,RI,2,12,i,13,,,,,,,,0,0,
RI,341,30,7,2018,Krobertson,28,RI,2,12,i,12,,,,,,,,0,0,
RI,342,30,7,2018,Krobertson,28,RI,2,12,i,9,,,,,,,,0,0,
RI,343,30,7,2018,Krobertson,28,RI,2,12,i,9,,,,,,,,0,0,
RI,344,30,7,2018,Krobertson,28,RI,2,12,i,10,,,,,,,,0,0,
RI,345,30,7,2018,Krobertson,28,RI,2,12,i,9,,,,,,,,0,0,
RI,346,30,7,2018,Krobertson,28,RI,2,12,i,23,,,,,,,,0,0,
RI,347,30,7,2018,Krobertson,28,RI,2,12,i,14,,,,,,,,0,0,
RI,348,30,7,2018,Krobertson,28,RI,2,12,i,13,,,,,,,,0,0,
RI,349,30,7,2018,Krobertson,28,RI,2,12,i,12,,,,,,,,0,0,
RI,350,30,7,2018,Krobertson,28,RI,2,12,i,11,,,,,,,,0,0,
RI,351,30,7,2018,Krobertson,28,RI,2,12,i,21,,,,,,,,0,0,
RI,352,30,7,2018,Krobertson,28,RI,2,12,i,14,,,,,,,,0,0,
RI,353,30,7,2018,Krobertson,28,RI,2,12,i,26,,,,,,,,0,0,
RI,354,30,7,2018,Krobertson,28,RI,2,12,i,18,,,,,,,,0,0,
RI,355,30,7,2018,Krobertson,28,RI,2,12,m,36,,,,,,,,0,0,
RI,356,30,7,2018,Krobertson,28,RI,2,12,f,24,,,,,,,,0,0,
RI,357,30,7,2018,Krobertson,28,RI,2,12,f,34,,,,,,,,0,0,
RI,358,30,7,2018,Mcomeau,25,RI,3,17,b1,72,,,,,,,,0,0,
RI,359,30,7,2018,Mcomeau,25,RI,3,17,f,23,,,,,,,,0,0,
RI,360,30,7,2018,Mcomeau,25,RI,3,17,f,35,,,,,,,,0,0,
RI,361,30,7,2018,Mcomeau,25,RI,3,17,f,31,,,,,,,,0,0,
RI,362,30,7,2018,Mcomeau,25,RI,3,17,f,72,,,,,,,,0,0,
RI,363,30,7,2018,Mcomeau,25,RI,3,17,f,40,,,,,,,,0,0,
RI,364,30,7,2018,Mcomeau,25,RI,3,17,f,53,,,,,,,,0,0,
RI,365,30,7,2018,Mcomeau,25,RI,3,17,f,26,,,,,,,,0,0,
RI,366,30,7,2018,Mcomeau,25,RI,3,17,f,35,,,,,,,,0,0,
RI,367,30,7,2018,Mcomeau,25,RI,3,17,i,22,,,,,,,,0,0,
RI,368,30,7,2018,Mcomeau,25,RI,3,17,i,22,,,,,,,,0,0,
RI,369,30,7,2018,Mcomeau,25,RI,3,17,i,21,,,,,,,,0,0,
RI,370,30,7,2018,Mcomeau,25,RI,3,17,i,17,,,,,,,,0,0,
RI,371,30,7,2018,Mcomeau,25,RI,3,17,i,16,,,,,,,,0,0,
RI,372,30,7,2018,Mcomeau,25,RI,3,17,i,20,,,,,,,,0,0,
RI,373,30,7,2018,Mcomeau,25,RI,3,17,i,19,,,,,,,,0,0,
RI,374,30,7,2018,Mcomeau,25,RI,3,17,i,20,,,,,,,,0,0,
RI,375,30,7,2018,Mcomeau,25,RI,3,17,i,10,,,,,,,,0,0,
RI,376,30,7,2018,Mcomeau,25,RI,3,17,i,18,,,,,,,,0,0,
RI,377,30,7,2018,Mcomeau,25,RI,3,17,i,18,,,,,,,,0,0,
RI,378,30,7,2018,Mcomeau,25,RI,3,17,i,20,,,,,,,,0,0,
RI,379,30,7,2018,Mcomeau,25,RI,3,17,i,17,,,,,,,,0,0,
RI,380,30,7,2018,Mcomeau,25,RI,3,17,m,46,,,,,,,,0,0,
RI,381,30,7,2018,Mcomeau,25,RI,3,17,m,79,,,,,,,,0,0,
RI,382,30,7,2018,Mcomeau,25,RI,3,17,m,45,,,,,,,,0,0,
RI,383,30,7,2018,Mcomeau,25,RI,3,17,m,42,,,,,,,,0,0,
RI,384,30,7,2018,Mcomeau,25,RI,3,17,m,31,,,,,,,,0,0,
RI,385,30,7,2018,Mcomeau,25,RI,3,17,m,41,,,,,,,,0,0,
RI,386,30,7,2018,Mcomeau,25,RI,3,17,m,22,,,,,,,,0,0,
RI,387,30,7,2018,Mcomeau,25,RI,3,17,m,52,,,,,,,,0,0,
RI,388,30,7,2018,Mcomeau,25,RI,3,17,m,90,,,,,,,,0,0,
RI,389,30,7,2018,Mcomeau,25,RI,3,17,m,38,,,,,,,,0,0,
RI,390,30,7,2018,Mcomeau,25,RI,3,18,m,32,,,,,,,,0,0,
RI,391,30,7,2018,Mcomeau,25,RI,3,18,m,46,,,,,,,,0,0,
RI,392,30,7,2018,Mcomeau,25,RI,3,18,m,37,,,,,,,,0,0,
RI,393,30,7,2018,Mcomeau,25,RI,3,18,m,40,,,,,,,,0,0,
RI,394,30,7,2018,Mcomeau,25,RI,3,18,m,28,,,,,,,,0,0,
RI,395,30,7,2018,Mcomeau,25,RI,3,18,m,45,,,,,,,,0,0,
RI,396,30,7,2018,Mcomeau,25,RI,3,18,m,21,,,,,,,,0,0,
RI,397,30,7,2018,Mcomeau,25,RI,3,18,i,11,,,,,,,,0,0,
RI,398,30,7,2018,Mcomeau,25,RI,3,18,i,10,,,,,,,,0,0,
RI,399,30,7,2018,Mcomeau,25,RI,3,18,i,15,,,,,,,,0,0,
RI,400,30,7,2018,Mcomeau,25,RI,3,18,i,22,,,,,,,,0,0,
RI,401,30,7,2018,Mcomeau,25,RI,3,18,i,10,,,,,,,,0,0,
RI,402,30,7,2018,Mcomeau,25,RI,3,18,i,16,,,,,,,,0,0,
RI,403,30,7,2018,Mcomeau,25,RI,3,18,i,12,,,,,,,,0,0,
RI,404,30,7,2018,Mcomeau,25,RI,3,18,i,13,,,,,,,,0,0,
RI,405,30,7,2018,Mcomeau,25,RI,3,18,i,8,,,,,,,,0,0,
RI,406,30,7,2018,Mcomeau,25,RI,3,18,i,8,,,,,,,,0,0,
RI,407,30,7,2018,Mcomeau,25,RI,3,18,i,10,,,,,,,,0,0,
RI,408,30,7,2018,Mcomeau,25,RI,3,18,i,10,,,,,,,,0,0,
RI,409,30,7,2018,Mcomeau,25,RI,3,18,i,11,,,,,,,,0,0,
RI,410,30,7,2018,Mcomeau,25,RI,3,18,i,11,,,,,,,,0,0,
RI,411,30,7,2018,Mcomeau,25,RI,3,18,i,22,,,,,,,,0,0,
RI,412,30,7,2018,Mcomeau,25,RI,3,18,i,10,,,,,,,,0,0,
RI,413,30,7,2018,Mcomeau,25,RI,3,18,i,8,,,,,,,,0,0,
RI,414,30,7,2018,Mcomeau,25,RI,3,18,i,8,,,,,,,,0,0,
RI,415,30,7,2018,Mcomeau,25,RI,3,18,i,9,,,,,,,,0,0,
RI,416,30,7,2018,Mcomeau,25,RI,3,18,i,22,,,,,,,,0,0,
RI,417,30,7,2018,Mcomeau,25,RI,3,18,i,12,,,,,,,,0,0,
RI,418,30,7,2018,Mcomeau,25,RI,3,18,i,9,,,,,,,,0,0,
RI,419,30,7,2018,Mcomeau,25,RI,3,18,i,17,,,,,,,,0,0,
RI,420,30,7,2018,Mcomeau,25,RI,3,18,i,18,,,,,,,,0,0,
RI,421,30,7,2018,Mcomeau,25,RI,3,18,i,22,,,,,,,,0,0,
RI,422,30,7,2018,Mcomeau,25,RI,3,18,i,23,,,,,,,,0,0,
RI,423,30,7,2018,Mcomeau,25,RI,3,18,i,22,,,,,,,,0,0,
RI,424,30,7,2018,Mcomeau,25,RI,3,18,i,20,,,,,,,,0,0,
RI,425,30,7,2018,Mcomeau,25,RI,3,18,i,12,,,,,,,,0,0,
RI,426,30,7,2018,Mcomeau,25,RI,3,18,i,20,,,,,,,,0,0,
RI,427,30,7,2018,Mcomeau,25,RI,3,18,i,11,,,,,,,,0,0,
RI,428,30,7,2018,Mcomeau,25,RI,3,18,i,10,,,,,,,,0,0,
RI,429,30,7,2018,Mcomeau,25,RI,3,18,i,11,,,,,,,,0,0,
RI,430,30,7,2018,Mcomeau,25,RI,3,18,i,12,,,,,,,,0,0,
RI,431,30,7,2018,Mcomeau,25,RI,3,18,i,11,,,,,,,,0,0,
RI,432,30,7,2018,Mcomeau,25,RI,3,18,f,63,,,,,,,,0,0,
RI,433,30,7,2018,Mcomeau,25,RI,3,18,f,34,,,,,,,,0,0,
RI,434,30,7,2018,Mcomeau,25,RI,3,18,f,26,,,,,,,,0,0,
RI,435,30,7,2018,Mcomeau,25,RI,3,18,f,52,,,,,,,,0,0,
RI,436,30,7,2018,Mcomeau,25,RI,3,18,f,70,,,,,,,,0,0,
RI,437,30,7,2018,Mcomeau,25,RI,3,18,f,38,,,,,,,,0,0,
RI,438,30,7,2018,Mcomeau,25,RI,3,18,f,45,,,,,,,,0,0,
RI,439,30,7,2018,Mcomeau,25,RI,3,18,f,22,,,,,,,,0,0,
RI,440,30,7,2018,Mcomeau,25,RI,3,18,f,68,,,,,,,,0,0,
RI,441,30,7,2018,Mcomeau,25,RI,3,18,f,32,,,,,,,,0,0,
RI,442,30,7,2018,Mcomeau,25,RI,3,19,f,55,,,,,,,,0,0,
RI,443,30,7,2018,Mcomeau,25,RI,3,19,f,52,,,,,,,,0,0,
RI,444,30,7,2018,Mcomeau,25,RI,3,19,f,52,,,,,,,,0,0,
RI,445,30,7,2018,Mcomeau,25,RI,3,19,f,52,,,,,,,,0,0,
RI,446,30,7,2018,Mcomeau,25,RI,3,19,f,62,,,,,,,,0,0,
RI,447,30,7,2018,Mcomeau,25,RI,3,19,f,24,,,,,,,,0,0,
RI,448,30,7,2018,Mcomeau,25,RI,3,19,f,68,,,,,,,,0,0,
RI,449,30,7,2018,Mcomeau,25,RI,3,19,f,41,,,,,,,,0,0,
RI,450,30,7,2018,Mcomeau,25,RI,3,19,f,65,,,,,,,,0,0,
RI,451,30,7,2018,Mcomeau,25,RI,3,19,f,45,,,,,,,,0,0,
RI,452,30,7,2018,Mcomeau,25,RI,3,19,f,68,,,,,,,,0,0,
RI,453,30,7,2018,Mcomeau,25,RI,3,19,f,41,,,,,,,,0,0,
RI,454,30,7,2018,Mcomeau,25,RI,3,19,f,62,,,,,,,,0,0,
RI,455,30,7,2018,Mcomeau,25,RI,3,19,f,63,,,,,,,,0,0,
RI,456,30,7,2018,Mcomeau,25,RI,3,19,f,24,,,,,,,,0,0,
RI,457,30,7,2018,Mcomeau,25,RI,3,19,f,29,,,,,,,,0,0,
RI,458,30,7,2018,Mcomeau,25,RI,3,19,i,10,,,,,,,,0,0,
RI,459,30,7,2018,Mcomeau,25,RI,3,19,i,17,,,,,,,,0,0,
RI,460,30,7,2018,Mcomeau,25,RI,3,19,i,20,,,,,,,,0,0,
RI,461,30,7,2018,Mcomeau,25,RI,3,19,i,9,,,,,,,,0,0,
RI,462,30,7,2018,Mcomeau,25,RI,3,19,i,20,,,,,,,,0,0,
RI,463,30,7,2018,Mcomeau,25,RI,3,19,i,19,,,,,,,,0,0,
RI,464,30,7,2018,Mcomeau,25,RI,3,19,i,15,,,,,,,,0,0,
RI,465,30,7,2018,Mcomeau,25,RI,3,19,i,12,,,,,,,,0,0,
RI,466,30,7,2018,Mcomeau,25,RI,3,19,i,17,,,,,,,,0,0,
RI,467,30,7,2018,Mcomeau,25,RI,3,19,i,12,,,,,,,,0,0,
RI,468,30,7,2018,Mcomeau,25,RI,3,19,i,18,,,,,,,,0,0,
RI,469,30,7,2018,Mcomeau,25,RI,3,19,i,10,,,,,,,,0,0,
RI,470,30,7,2018,Mcomeau,25,RI,3,19,i,8,,,,,,,,0,0,
RI,471,30,7,2018,Mcomeau,25,RI,3,19,i,10,,,,,,,,0,0,
RI,472,30,7,2018,Mcomeau,25,RI,3,19,i,17,,,,,,,,0,0,
RI,473,30,7,2018,Mcomeau,25,RI,3,19,i,19,,,,,,,,0,0,
RI,474,30,7,2018,Mcomeau,25,RI,3,19,i,19,,,,,,,,0,0,
RI,475,30,7,2018,Mcomeau,25,RI,3,19,i,18,,,,,,,,0,0,
RI,476,30,7,2018,Mcomeau,25,RI,3,19,i,8,,,,,,,,0,0,
RI,477,30,7,2018,Mcomeau,25,RI,3,19,i,9,,,,,,,,0,0,
RI,478,30,7,2018,Mcomeau,25,RI,3,19,i,16,,,,,,,,0,0,
RI,479,30,7,2018,Mcomeau,25,RI,3,19,i,17,,,,,,,,0,0,
RI,480,30,7,2018,Mcomeau,25,RI,3,19,i,19,,,,,,,,0,0,
RI,481,30,7,2018,Mcomeau,25,RI,3,19,i,17,,,,,,,,0,0,
RI,482,30,7,2018,Mcomeau,25,RI,3,19,m,25,,,,,,,,0,0,
RI,483,30,7,2018,Mcomeau,25,RI,3,19,m,46,,,,,,,,0,0,
RI,484,30,7,2018,Mcomeau,25,RI,3,19,m,68,,,,,,,,0,0,
RI,485,30,7,2018,Mcomeau,25,RI,3,19,m,52,,,,,,,,0,0,
RI,486,30,7,2018,Mcomeau,25,RI,3,19,m,54,,,,,,,,0,0,
RI,487,30,7,2018,Mcomeau,25,RI,3,19,m,40,,,,,,,,0,0,
RI,488,30,7,2018,Mcomeau,25,RI,3,19,m,41,,,,,,,,0,0,
RI,489,30,7,2018,Mcomeau,25,RI,3,19,m,25,,,,,,,,0,0,
RI,490,30,7,2018,Mcomeau,25,RI,3,19,m,70,,,,,,,,0,0,
RI,491,30,7,2018,Mcomeau,25,RI,3,19,m,62,,,,,,,,0,0,
RI,492,30,7,2018,Mcomeau,25,RI,3,19,m,59,,,,,,,,0,0,
RI,493,30,7,2018,Mcomeau,25,RI,3,19,m,52,,,,,,,,0,0,
RI,494,30,7,2018,Mcomeau,25,RI,3,19,m,43,,,,,,,,0,0,
RI,495,30,7,2018,Mcomeau,25,RI,3,19,m,89,,,,,,,,0,0,
RI,496,30,7,2018,Mcomeau,25,RI,3,19,m,68,,,,,,,,0,0,
RI,497,30,7,2018,Mcomeau,25,RI,3,19,m,30,,,,,,,,0,0,
RI,498,30,7,2018,Mcomeau,25,RI,3,20,m,45,,,,,,,,0,0,
RI,499,30,7,2018,Mcomeau,25,RI,3,20,m,44,,,,,,,,0,0,
RI,500,30,7,2018,Mcomeau,25,RI,3,20,m,78,,,,,,,,0,0,
RI,501,30,7,2018,Mcomeau,25,RI,3,20,m,63,,,,,,,,0,0,
RI,502,30,7,2018,Mcomeau,25,RI,3,20,m,31,,,,,,,,0,0,
RI,503,30,7,2018,Mcomeau,25,RI,3,20,i,18,,,,,,,,0,0,
RI,504,30,7,2018,Mcomeau,25,RI,3,20,i,17,,,,,,,,0,0,
RI,505,30,7,2018,Mcomeau,25,RI,3,20,i,15,,,,,,,,0,0,
RI,506,30,7,2018,Mcomeau,25,RI,3,20,f,66,,,,,,,,0,0,
RI,507,30,7,2018,Mcomeau,25,RI,3,20,f,62,,,,,,,,0,0,
RI,508,30,7,2018,Mcomeau,25,RI,3,20,f,47,,,,,,,,0,0,
RI,509,30,7,2018,Mcomeau,25,RI,3,20,f,68,,,,,,,,0,0,
RI,510,30,7,2018,Bcomeau,25,RI,3,17,b1,63,,,,,,,,0,0,
RI,511,30,7,2018,Bcomeau,25,RI,3,17,b1,70,,,,,,,,0,0,
RI,512,30,7,2018,Bcomeau,25,RI,3,17,f,22,,,,,,,,0,0,
RI,513,30,7,2018,Bcomeau,25,RI,3,17,f,26,,,,,,,,0,0,
RI,514,30,7,2018,Bcomeau,25,RI,3,17,f,25,,,,,,,,0,0,
RI,515,30,7,2018,Bcomeau,25,RI,3,17,m,64,,,,,,,,0,0,
RI,516,30,7,2018,Bcomeau,25,RI,3,17,m,26,,,,,,,,0,0,
RI,517,30,7,2018,Bcomeau,25,RI,3,17,m,21,,,,,,,,0,0,
RI,518,30,7,2018,Bcomeau,25,RI,3,17,i,27,,,,,,,,0,0,
RI,519,30,7,2018,Bcomeau,25,RI,3,17,i,20,,,,,,,,0,0,
RI,520,30,7,2018,Bcomeau,25,RI,3,17,i,19,,,,,,,,0,0,
RI,521,30,7,2018,Bcomeau,25,RI,3,17,i,13,,,,,,,,0,0,
RI,522,30,7,2018,Bcomeau,25,RI,3,17,f,24,,,,,,,,0,0,
RI,523,30,7,2018,Bcomeau,25,RI,3,17,i,21,,,,,,,,0,0,
RI,524,30,7,2018,Bcomeau,25,RI,3,17,f,25,,,,,,,,0,0,
RI,525,30,7,2018,Bcomeau,25,RI,3,17,m,27,,,,,,,,0,0,
RI,526,30,7,2018,Bcomeau,25,RI,3,17,f,32,,,,,,,,0,0,
RI,527,30,7,2018,Bcomeau,25,RI,3,17,f,23,,,,,,,,0,0,
RI,528,30,7,2018,Bcomeau,25,RI,3,17,i,16,,,,,,,,0,0,
RI,529,30,7,2018,Bcomeau,25,RI,3,17,f,25,,,,,,,,0,0,
RI,530,30,7,2018,Bcomeau,25,RI,3,17,f,69,,,,,,,,0,0,
RI,531,30,7,2018,Bcomeau,25,RI,3,17,i,17,,,,,,,,0,0,
RI,532,30,7,2018,Bcomeau,25,RI,3,17,i,19,,,,,,,,0,0,
RI,533,30,7,2018,Bcomeau,25,RI,3,17,i,13,,,,,,,,0,0,
RI,534,30,7,2018,Bcomeau,25,RI,3,17,m,25,,,,,,,,0,0,
RI,535,30,7,2018,Bcomeau,25,RI,3,17,f,23,,,,,,,,0,0,
RI,536,30,7,2018,Bcomeau,25,RI,3,17,f,39,,,,,,,,0,0,
RI,537,30,7,2018,Bcomeau,25,RI,3,18,f,51,,,,,,,,0,0,
RI,538,30,7,2018,Bcomeau,25,RI,3,18,f,24,,,,,,,,0,0,
RI,539,30,7,2018,Bcomeau,25,RI,3,18,f,25,,,,,,,,0,0,
RI,540,30,7,2018,Bcomeau,25,RI,3,18,m,72,,,,,,,,0,0,
RI,541,30,7,2018,Bcomeau,25,RI,3,18,m,47,,,,,,,,0,0,
RI,542,30,7,2018,Bcomeau,25,RI,3,18,m,30,,,,,,,,0,0,
RI,543,30,7,2018,Bcomeau,25,RI,3,18,f,57,,,,,,,,0,0,
RI,544,30,7,2018,Bcomeau,25,RI,3,18,f,78,,,,,,,,0,0,
RI,545,30,7,2018,Bcomeau,25,RI,3,18,i,12,,,,,,,,0,0,
RI,546,30,7,2018,Bcomeau,25,RI,3,18,i,21,,,,,,,,0,0,
RI,547,30,7,2018,Bcomeau,25,RI,3,18,i,14,,,,,,,,0,0,
RI,548,30,7,2018,Bcomeau,25,RI,3,18,i,17,,,,,,,,0,0,
RI,549,30,7,2018,Bcomeau,25,RI,3,18,i,12,,,,,,,,0,0,
RI,550,30,7,2018,Bcomeau,25,RI,3,18,i,20,,,,,,,,0,0,
RI,551,30,7,2018,Bcomeau,25,RI,3,18,i,18,,,,,,,,0,0,
RI,552,30,7,2018,Bcomeau,25,RI,3,18,i,13,,,,,,,,0,0,
RI,553,30,7,2018,Bcomeau,25,RI,3,18,f,25,,,,,,,,0,0,
RI,554,30,7,2018,Bcomeau,25,RI,3,18,i,12,,,,,,,,0,0,
RI,555,30,7,2018,Bcomeau,25,RI,3,18,f,29,,,,,,,,0,0,
RI,556,30,7,2018,Bcomeau,25,RI,3,18,f,46,,,,,,,,0,0,
RI,557,30,7,2018,Bcomeau,25,RI,3,18,f,31,,,,,,,,0,0,
RI,558,30,7,2018,Bcomeau,25,RI,3,18,i,14,,,,,,,,0,0,
RI,559,30,7,2018,Bcomeau,25,RI,3,18,i,16,,,,,,,,0,0,
RI,560,30,7,2018,Bcomeau,25,RI,3,18,i,21,,,,,,,,0,0,
RI,561,30,7,2018,Bcomeau,25,RI,3,18,i,11,,,,,,,,0,0,
RI,562,30,7,2018,Bcomeau,25,RI,3,18,i,12,,,,,,,,0,0,
RI,563,30,7,2018,Bcomeau,25,RI,3,18,f,30,,,,,,,,0,0,
RI,564,30,7,2018,Bcomeau,25,RI,3,18,m,32,,,,,,,,0,0,
RI,565,30,7,2018,Bcomeau,25,RI,3,18,i,12,,,,,,,,0,0,
RI,566,30,7,2018,Bcomeau,25,RI,3,19,b1,58,,,,,,,,0,0,
RI,567,30,7,2018,Bcomeau,25,RI,3,19,b1,75,,,,,,,,0,0,
RI,568,30,7,2018,Bcomeau,25,RI,3,19,f,31,,,,,,,,0,0,
RI,569,30,7,2018,Bcomeau,25,RI,3,19,f,55,,,,,,,,0,0,
RI,570,30,7,2018,Bcomeau,25,RI,3,19,f,48,,,,,,,,0,0,
RI,571,30,7,2018,Bcomeau,25,RI,3,19,f,63,,,,,,,,0,0,
RI,572,30,7,2018,Bcomeau,25,RI,3,19,f,77,,,,,,,,0,0,
RI,573,30,7,2018,Bcomeau,25,RI,3,19,f,32,,,,,,,,0,0,
RI,574,30,7,2018,Bcomeau,25,RI,3,19,f,66,,,,,,,,0,0,
RI,575,30,7,2018,Bcomeau,25,RI,3,19,f,56,,,,,,,,0,0,
RI,576,30,7,2018,Bcomeau,25,RI,3,19,i,20,,,,,,,,0,0,
RI,577,30,7,2018,Bcomeau,25,RI,3,19,i,21,,,,,,,,0,0,
RI,578,30,7,2018,Bcomeau,25,RI,3,19,i,10,,,,,,,,0,0,
RI,579,30,7,2018,Bcomeau,25,RI,3,19,i,12,,,,,,,,0,0,
RI,580,30,7,2018,Bcomeau,25,RI,3,19,i,12,,,,,,,,0,0,
RI,581,30,7,2018,Bcomeau,25,RI,3,19,f,23,,,,,,,,0,0,
RI,582,30,7,2018,Bcomeau,25,RI,3,19,f,30,,,,,,,,0,0,
RI,583,30,7,2018,Bcomeau,25,RI,3,19,i,20,,,,,,,,0,0,
RI,584,30,7,2018,Bcomeau,25,RI,3,19,i,12,,,,,,,,0,0,
RI,585,30,7,2018,Bcomeau,25,RI,3,19,i,17,,,,,,,,0,0,
RI,586,30,7,2018,Bcomeau,25,RI,3,19,i,19,,,,,,,,0,0,
RI,587,30,7,2018,Bcomeau,25,RI,3,19,i,19,,,,,,,,0,0,
RI,588,30,7,2018,Bcomeau,25,RI,3,19,i,20,,,,,,,,0,0,
RI,589,30,7,2018,Bcomeau,25,RI,3,19,i,18,,,,,,,,0,0,
RI,590,30,7,2018,Bcomeau,25,RI,3,19,i,10,,,,,,,,0,0,
RI,591,30,7,2018,Bcomeau,25,RI,3,19,i,18,,,,,,,,0,0,
RI,592,30,7,2018,Bcomeau,25,RI,3,19,i,19,,,,,,,,0,0,
RI,593,30,7,2018,Bcomeau,25,RI,3,19,i,12,,,,,,,,0,0,
RI,594,30,7,2018,Bcomeau,25,RI,3,19,i,15,,,,,,,,0,0,
RI,595,30,7,2018,Bcomeau,25,RI,3,19,b1,74,,,,,,,,0,0,
RI,596,30,7,2018,Bcomeau,25,RI,3,19,m,68,,,,,,,,0,0,
RI,597,30,7,2018,Bcomeau,25,RI,3,19,m,23,,,,,,,,0,0,
RI,598,30,7,2018,Bcomeau,25,RI,3,19,m,38,,,,,,,,0,0,
RI,599,30,7,2018,Bcomeau,25,RI,3,19,m,32,,,,,,,,0,0,
RI,600,30,7,2018,Bcomeau,25,RI,3,19,m,22,,,,,,,,0,0,
RI,601,30,7,2018,Bcomeau,25,RI,3,19,m,35,,,,,,,,0,0,
RI,602,30,7,2018,Bcomeau,25,RI,3,20,m,76,,,,,,,,0,0,
RI,603,30,7,2018,Bcomeau,25,RI,3,20,m,32,,,,,,,,0,0,
RI,604,30,7,2018,Bcomeau,25,RI,3,20,m,22,,,,,,,,0,0,
RI,605,30,7,2018,Bcomeau,25,RI,3,20,m,46,,,,,,,,0,0,
RI,606,30,7,2018,Bcomeau,25,RI,3,20,m,55,,,,,,,,0,0,
RI,607,30,7,2018,Bcomeau,25,RI,3,20,m,41,,,,,,,,0,0,
RI,608,30,7,2018,Bcomeau,25,RI,3,20,m,65,,,,,,,,0,0,
RI,609,30,7,2018,Bcomeau,25,RI,3,20,f,37,,,,,,,,0,0,
RI,610,30,7,2018,Bcomeau,25,RI,3,20,f,48,,,,,,,,0,0,
RI,611,30,7,2018,Bcomeau,25,RI,3,20,f,36,,,,,,,,0,0,
RI,612,30,7,2018,Bcomeau,25,RI,3,20,f,25,,,,,,,,0,0,
RI,613,30,7,2018,Bcomeau,25,RI,3,20,f,52,,,,,,,,0,0,
RI,614,30,7,2018,Bcomeau,25,RI,3,20,f,39,,,,,,,,0,0,
RI,615,30,7,2018,Dgiard,24,RI,4,1,m,35,,,,,,,,0,0,
RI,616,30,7,2018,Dgiard,24,RI,4,1,m,26,,,,,,,,0,0,
RI,617,30,7,2018,Dgiard,24,RI,4,1,i,20,,,,,,,,0,0,
RI,618,30,7,2018,Dgiard,24,RI,4,1,f,64,,,,,,,,0,0,
RI,619,30,7,2018,Dgiard,24,RI,4,1,i,50,,,,,,,,0,0,
RI,620,30,7,2018,Dgiard,24,RI,4,1,i,38,,,,,,,,0,0,
RI,621,30,7,2018,Dgiard,24,RI,4,1,f,29,,,,,,,,0,0,
RI,622,30,7,2018,Dgiard,24,RI,4,2,m,57,,,,,,,,0,0,
RI,623,30,7,2018,Dgiard,24,RI,4,2,m,34,,,,,,,,0,0,
RI,624,30,7,2018,Dgiard,24,RI,4,2,i,25,,,,,,,,0,0,
RI,625,30,7,2018,Dgiard,24,RI,4,2,i,22,,,,,,,,0,0,
RI,626,30,7,2018,Dgiard,24,RI,4,2,i,24,,,,,,,,0,0,
RI,627,30,7,2018,Dgiard,24,RI,4,2,i,14,,,,,,,,0,0,
RI,628,30,7,2018,Dgiard,24,RI,4,2,f,74,,,,,,,,0,0,
RI,629,30,7,2018,Dgiard,24,RI,4,2,f,42,,,,,,,,0,0,
RI,630,30,7,2018,Dgiard,24,RI,4,2,f,61,,,,,,,,0,0,
RI,631,30,7,2018,Dgiard,24,RI,4,3,f,34,,,,,,,,0,0,
RI,632,30,7,2018,Dgiard,24,RI,4,3,f,26,,,,,,,,0,0,
RI,633,30,7,2018,Dgiard,24,RI,4,3,f,40,,,,,,,,0,0,
RI,634,30,7,2018,Dgiard,24,RI,4,3,f,47,,,,,,,,0,0,
RI,635,30,7,2018,Dgiard,24,RI,4,3,f,40,,,,,,,,0,0,
RI,636,30,7,2018,Dgiard,24,RI,4,3,i,18,,,,,,,,0,0,
RI,637,30,7,2018,Dgiard,24,RI,4,3,i,23,,,,,,,,0,0,
RI,638,30,7,2018,Dgiard,24,RI,4,3,m,71,,,,,,,,0,0,
RI,639,30,7,2018,Dgiard,24,RI,4,3,m,40,,,,,,,,0,0,
RI,640,30,7,2018,Dgiard,24,RI,4,4,m,31,,,,,,,,0,0,
RI,641,30,7,2018,Dgiard,24,RI,4,4,m,55,,,,,,,,0,0,
RI,642,30,7,2018,Dgiard,24,RI,4,4,m,72,,,,,,,,0,0,
RI,643,30,7,2018,Dgiard,24,RI,4,4,f,47,,,,,,,,0,0,
RI,644,30,7,2018,Dgiard,24,RI,4,16,f,62,,,,,,,,0,0,
RI,645,30,7,2018,Dgiard,24,RI,4,16,f,68,,,,,,,,0,0,
RI,646,30,7,2018,Dgiard,24,RI,4,16,f,52,,,,,,,,0,0,
RI,647,30,7,2018,Dgiard,24,RI,4,16,f,29,,,,,,,,0,0,
RI,648,30,7,2018,Dgiard,24,RI,4,16,f,50,,,,,,,,0,0,
RI,649,30,7,2018,Dgiard,24,RI,4,16,f,57,,,,,,,,0,0,
RI,650,30,7,2018,Dgiard,24,RI,4,16,i,21,,,,,,,,0,0,
RI,651,30,7,2018,Dgiard,24,RI,4,16,i,22,,,,,,,,0,0,
RI,652,30,7,2018,Dgiard,24,RI,4,16,i,75,,,,,,,,0,0,
RI,653,30,7,2018,Dgiard,24,RI,4,16,i,15,,,,,,,,0,0,
RI,654,30,7,2018,Dgiard,24,RI,4,16,i,14,,,,,,,,0,0,
RI,655,30,7,2018,Dgiard,24,RI,4,16,i,13,,,,,,,,0,0,
RI,656,30,7,2018,Dgiard,24,RI,4,16,m,34,,,,,,,,0,0,
RI,657,30,7,2018,Dgiard,24,RI,4,16,m,28,,,,,,,,0,0,
RI,658,30,7,2018,Dgiard,24,RI,4,16,m,53,,,,,,,,0,0,
RI,659,30,7,2018,mouellet,24,RI,4,1,m,49,,,,,,,,0,0,
RI,660,30,7,2018,mouellet,24,RI,4,1,i,14,,,,,,,,0,0,
RI,661,30,7,2018,mouellet,24,RI,4,1,i,22,,,,,,,,0,0,
RI,662,30,7,2018,mouellet,24,RI,4,1,i,15,,,,,,,,0,0,
RI,663,30,7,2018,mouellet,24,RI,4,1,f,46,,,,,,,,0,0,
RI,664,30,7,2018,mouellet,24,RI,4,1,f,51,,,,,,,,0,0,
RI,665,30,7,2018,mouellet,24,RI,4,1,m,40,,,,,,,,0,0,
RI,666,30,7,2018,mouellet,24,RI,4,1,m,54,,,,,,,,0,0,
RI,667,30,7,2018,mouellet,24,RI,4,2,m,40,,,,,,,,0,0,
RI,668,30,7,2018,mouellet,24,RI,4,2,f,30,,,,,,,,0,0,
RI,669,30,7,2018,mouellet,24,RI,4,2,i,22,,,,,,,,0,0,
RI,670,30,7,2018,mouellet,24,RI,4,2,m,50,,,,,,,,0,0,
RI,671,30,7,2018,mouellet,24,RI,4,2,i,27,,,,,,,,0,0,
RI,672,30,7,2018,mouellet,24,RI,4,2,m,47,,,,,,,,0,0,
RI,673,30,7,2018,mouellet,24,RI,4,3,m,51,,,,,,,,0,0,
RI,674,30,7,2018,mouellet,24,RI,4,3,m,41,,,,,,,,0,0,
RI,675,30,7,2018,mouellet,24,RI,4,3,f,70,,,,,,,,0,0,
RI,676,30,7,2018,mouellet,24,RI,4,3,i,22,,,,,,,,0,0,
RI,677,30,7,2018,mouellet,24,RI,4,3,b1,70,,,,,,,,0,0,
RI,678,30,7,2018,mouellet,24,RI,4,3,i,20,,,,,,,,0,0,
RI,679,30,7,2018,mouellet,24,RI,4,3,i,14,,,,,,,,0,0,
RI,680,30,7,2018,mouellet,24,RI,4,3,i,10,,,,,,,,0,0,
RI,681,30,7,2018,mouellet,24,RI,4,3,m,41,,,,,,,,0,0,
RI,682,30,7,2018,mouellet,24,RI,4,3,f,33,,,,,,,,0,0,
RI,683,30,7,2018,mouellet,24,RI,4,3,i,25,,,,,,,,0,0,
RI,684,30,7,2018,mouellet,24,RI,4,3,i,10,,,,,,,,0,0,
RI,685,30,7,2018,mouellet,24,RI,4,3,i,16,,,,,,,,0,0,
RI,686,30,7,2018,mouellet,24,RI,4,3,i,28,,,,,,,,0,0,
RI,687,30,7,2018,mouellet,24,RI,4,3,i,16,,,,,,,,0,0,
RI,688,30,7,2018,mouellet,24,RI,4,3,b1,72,,,,,,,,0,0,
RI,689,30,7,2018,mouellet,24,RI,4,3,i,18,,,,,,,,0,0,
RI,690,30,7,2018,mouellet,24,RI,4,3,i,22,,,,,,,,0,0,
RI,691,30,7,2018,mouellet,24,RI,4,3,i,27,,,,,,,,0,0,
RI,692,30,7,2018,mouellet,24,RI,4,3,i,14,,,,,,,,0,0,
RI,693,30,7,2018,mouellet,24,RI,4,3,m,43,,,,,,,,0,0,
RI,694,30,7,2018,mouellet,24,RI,4,3,m,53,,,,,,,,0,0,
RI,695,30,7,2018,mouellet,24,RI,4,4,i,29,,,,,,,,0,0,
RI,696,30,7,2018,mouellet,24,RI,4,4,i,25,,,,,,,,0,0,
RI,697,30,7,2018,mouellet,24,RI,4,4,m,42,,,,,,,,0,0,
RI,698,30,7,2018,mouellet,24,RI,4,4,m,61,,,,,,,,0,0,
RI,699,30,7,2018,mouellet,24,RI,4,4,m,56,,,,,,,,0,0,
RI,700,30,7,2018,mouellet,24,RI,4,4,m,51,,,,,,,,0,0,
RI,701,30,7,2018,mouellet,24,RI,4,4,f,36,,,,,,,,0,0,
RI,702,30,7,2018,mouellet,24,RI,4,4,m,77,,,,,,,,0,0,
RI,703,30,7,2018,mouellet,24,RI,4,16,i,22,,,,,,,,0,0,
RI,704,30,7,2018,mouellet,24,RI,4,16,i,16,,,,,,,,0,0,
RI,705,30,7,2018,mouellet,24,RI,4,16,f,32,,,,,,,,0,0,
RI,706,30,7,2018,mouellet,24,RI,4,16,i,15,,,,,,,,0,0,
RI,707,30,7,2018,mouellet,24,RI,4,16,i,12,,,,,,,,0,0,
RI,708,30,7,2018,mouellet,24,RI,4,16,f,33,,,,,,,,0,0,
RI,709,30,7,2018,mouellet,24,RI,4,16,m,60,,,,,,,,0,0,
RI,710,30,7,2018,mouellet,24,RI,4,16,i,14,,,,,,,,0,0,
RI,711,30,7,2018,mouellet,24,RI,4,16,f,38,,,,,,,,0,0,
RI,712,30,7,2018,mouellet,24,RI,4,16,i,12,,,,,,,,0,0,
RI,713,30,7,2018,mouellet,24,RI,4,16,i,15,,,,,,,,0,0,
RI,714,30,7,2018,mouellet,24,RI,4,16,i,29,,,,,,,,0,0,
RI,715,30,7,2018,mouellet,24,RI,4,16,f,55,,,,,,,,0,0,
RI,716,30,7,2018,mouellet,24,RI,4,16,m,41,,,,,,,,0,0,
RI,717,30,7,2018,mouellet,24,RI,4,16,i,12,,,,,,,,0,0,
RI,718,30,7,2018,mouellet,24,RI,4,16,i,18,,,,,,,,0,0,
RI,719,30,7,2018,mouellet,24,RI,4,16,i,22,,,,,,,,0,0,
RI,720,30,7,2018,mouellet,24,RI,4,16,i,25,,,,,,,,0,0,
RI,721,30,7,2018,mouellet,24,RI,4,16,f,31,,,,,,,,0,0,
RI,722,30,7,2018,mouellet,24,RI,4,16,i,19,,,,,,,,0,0,
RI,723,30,7,2018,Bcomeau,22,RI,5,1,m,110,,,,,,,,0,0,
RI,724,30,7,2018,Bcomeau,22,RI,5,1,f,68,,,,,,,,0,0,
RI,725,30,7,2018,Bcomeau,22,RI,5,1,m,31,,,,,,,,0,0,
RI,726,30,7,2018,Bcomeau,22,RI,5,1,i,16,,,,,,,,0,0,
RI,727,30,7,2018,Bcomeau,22,RI,5,1,f,36,,,,,,,,0,0,
RI,728,30,7,2018,Bcomeau,22,RI,5,1,m,35,,,,,,,,0,0,
RI,729,30,7,2018,Bcomeau,22,RI,5,1,i,16,,,,,,,,0,0,
RI,730,30,7,2018,Bcomeau,22,RI,5,1,m,32,,,,,,,,0,0,
RI,731,30,7,2018,Bcomeau,22,RI,5,1,f,34,,,,,,,,0,0,
RI,732,30,7,2018,Bcomeau,22,RI,5,1,i,15,,,,,,,,0,0,
RI,733,30,7,2018,Bcomeau,22,RI,5,1,i,10,,,,,,,,0,0,
RI,734,30,7,2018,Bcomeau,22,RI,5,1,m,30,,,,,,,,0,0,
RI,735,30,7,2018,Bcomeau,22,RI,5,1,f,33,,,,,,,,0,0,
RI,736,30,7,2018,Bcomeau,22,RI,5,1,i,14,,,,,,,,0,0,
RI,737,30,7,2018,Bcomeau,22,RI,5,3,m,43,,,,,,,,0,0,
RI,738,30,7,2018,Bcomeau,22,RI,5,3,f,53,,,,,,,,0,0,
RI,739,30,7,2018,Bcomeau,22,RI,5,3,f,35,,,,,,,,0,0,
RI,740,30,7,2018,Bcomeau,22,RI,5,3,f,32,,,,,,,,0,0,
RI,741,30,7,2018,Bcomeau,22,RI,5,3,f,32,,,,,,,,0,0,
RI,742,30,7,2018,Bcomeau,22,RI,5,3,i,21,,,,,,,,0,0,
RI,743,30,7,2018,Bcomeau,22,RI,5,3,f,70,,,,,,,,0,0,
RI,744,30,7,2018,Bcomeau,22,RI,5,4,f,46,,,,,,,,0,0,
RI,745,30,7,2018,Bcomeau,22,RI,5,4,i,19,,,,,,,,0,0,
RI,746,30,7,2018,Bcomeau,22,RI,5,4,f,54,,,,,,,,0,0,
RI,747,30,7,2018,Bcomeau,22,RI,5,4,m,73,,,,,,,,0,0,
RI,748,30,7,2018,Bcomeau,22,RI,5,4,i,14,,,,,,,,0,0,
RI,749,30,7,2018,Bcomeau,22,RI,5,4,m,60,,,,,,,,0,0,
RI,750,30,7,2018,Bcomeau,22,RI,5,4,f,39,,,,,,,,0,0,
RI,751,30,7,2018,Bcomeau,22,RI,5,4,f,41,,,,,,,,0,0,
RI,752,30,7,2018,Bcomeau,22,RI,5,4,f,54,,,,,,,,0,0,
RI,753,30,7,2018,Bcomeau,22,RI,5,4,m,40,,,,,,,,0,0,
RI,754,30,7,2018,Bcomeau,22,RI,5,4,i,21,,,,,,,,0,0,
RI,755,30,7,2018,Bcomeau,22,RI,5,5,i,8,,,,,,,,0,0,
RI,756,30,7,2018,Bcomeau,22,RI,5,5,m,42,,,,,,,,0,0,
RI,757,30,7,2018,Bcomeau,22,RI,5,5,i,12,,,,,,,,0,0,
RI,758,30,7,2018,Bcomeau,22,RI,5,5,f,54,,,,,,,,0,0,
RI,759,30,7,2018,Bcomeau,22,RI,5,5,f,45,,,,,,,,0,0,
RI,760,30,7,2018,Bcomeau,22,RI,5,5,m,44,,,,,,,,0,0,
RI,761,30,7,2018,Bcomeau,22,RI,5,6,m,44,,,,,,,,0,0,
RI,762,30,7,2018,Bcomeau,22,RI,5,6,m,51,,,,,,,,0,0,
RI,763,30,7,2018,Bcomeau,22,RI,5,6,f,36,,,,,,,,0,0,
RI,764,30,7,2018,Bcomeau,22,RI,5,6,m,81,,,,,,,,0,0,
RI,765,30,7,2018,Bcomeau,22,RI,5,6,m,28,,,,,,,,0,0,
RI,766,30,7,2018,Bcomeau,22,RI,5,6,f,48,,,,,,,,0,0,
RI,767,30,7,2018,Bcomeau,22,RI,5,6,f,51,,,,,,,,0,0,
RI,768,30,7,2018,Bcomeau,22,RI,5,6,f,62,,,,,,,,0,0,
RI,769,30,7,2018,Bcomeau,22,RI,5,6,f,60,,,,,,,,0,0,
RI,770,30,7,2018,Bcomeau,22,RI,5,6,m,45,,,,,,,,0,0,
RI,771,30,7,2018,Bcomeau,22,RI,5,6,m,44,,,,,,,,0,0,
RI,772,30,7,2018,Bcomeau,22,RI,5,6,f,32,,,,,,,,0,0,
RI,773,30,7,2018,Bcomeau,22,RI,5,6,m,62,,,,,,,,0,0,
RI,774,30,7,2018,Bcomeau,22,RI,5,6,m,24,,,,,,,,0,0,
RI,775,30,7,2018,Bcomeau,22,RI,5,6,i,10,,,,,,,,0,0,
RI,776,30,7,2018,Bcomeau,22,RI,5,7,m,45,,,,,,,,0,0,
RI,777,30,7,2018,Bcomeau,22,RI,5,7,f,30,,,,,,,,0,0,
RI,778,30,7,2018,Bcomeau,22,RI,5,7,f,35,,,,,,,,0,0,
RI,779,30,7,2018,Bcomeau,22,RI,5,7,m,55,,,,,,,,0,0,
RI,780,30,7,2018,Bcomeau,22,RI,5,7,m,32,,,,,,,,0,0,
RI,781,30,7,2018,Bcomeau,22,RI,5,7,i,12,,,,,,,,0,0,
RI,782,30,7,2018,Bcomeau,22,RI,5,7,m,57,,,,,,,,0,0,
RI,783,30,7,2018,Bcomeau,22,RI,5,7,m,25,,,,,,,,0,0,
RI,784,30,7,2018,Bcomeau,22,RI,5,7,f,55,,,,,,,,0,0,
RI,785,30,7,2018,Bcomeau,22,RI,5,8,f,23,,,,,,,,0,0,
RI,786,30,7,2018,Bcomeau,22,RI,5,8,m,34,,,,,,,,0,0,
RI,787,30,7,2018,Bcomeau,22,RI,5,8,f,54,,,,,,,,0,0,
RI,788,30,7,2018,Bcomeau,22,RI,5,8,f,33,,,,,,,,0,0,
RI,789,30,7,2018,Bcomeau,22,RI,5,8,f,33,,,,,,,,0,0,
RI,790,30,7,2018,Bcomeau,22,RI,5,8,m,32,,,,,,,,0,0,
RI,791,30,7,2018,Bcomeau,22,RI,5,8,i,12,,,,,,,,0,0,
RI,792,30,7,2018,Bcomeau,22,RI,5,9,m,58,,,,,,,,0,0,
RI,793,30,7,2018,Bcomeau,22,RI,5,9,i,45,,,,,,,,0,0,
RI,794,30,7,2018,Bcomeau,22,RI,5,9,f,26,,,,,,,,0,0,
RI,795,30,7,2018,Bcomeau,22,RI,5,9,i,15,,,,,,,,0,0,
RI,796,30,7,2018,Bcomeau,22,RI,5,9,m,32,,,,,,,,0,0,
RI,797,30,7,2018,Bcomeau,22,RI,5,9,m,54,,,,,,,,0,0,
RI,798,30,7,2018,Bcomeau,22,RI,5,9,m,46,,,,,,,,0,0,
RI,799,30,7,2018,Bcomeau,22,RI,5,9,f,44,,,,,,,,0,0,
RI,800,30,7,2018,Bcomeau,22,RI,5,10,m,37,,,,,,,,0,0,
RI,801,30,7,2018,Bcomeau,22,RI,5,10,i,12,,,,,,,,0,0,
RI,802,30,7,2018,Bcomeau,22,RI,5,10,m,54,,,,,,,,0,0,
RI,803,30,7,2018,Bcomeau,22,RI,5,10,m,30,,,,,,,,0,0,
RI,804,30,7,2018,Bcomeau,22,RI,5,10,m,52,,,,,,,,0,0,
RI,805,30,7,2018,Bcomeau,22,RI,5,10,m,35,,,,,,,,0,0,
RI,806,30,7,2018,Bcomeau,22,RI,5,10,m,65,,,,,,,,0,0,
RI,807,30,7,2018,Bcomeau,22,RI,5,10,f,36,,,,,,,,0,0,
RI,808,30,7,2018,Bcomeau,22,RI,5,10,f,35,,,,,,,,0,0,
RI,809,30,7,2018,Bcomeau,22,RI,5,10,f,65,,,,,,,,0,0,
RI,810,30,7,2018,Bcomeau,22,RI,5,10,f,26,,,,,,,,0,0,
RI,811,30,7,2018,Mcomeau,22,RI,5,1,f,62,,,,,,,,0,0,
RI,812,30,7,2018,Mcomeau,22,RI,5,1,m,72,,,,,,,,0,0,
RI,813,30,7,2018,Mcomeau,22,RI,5,1,m,42,,,,,,,,0,0,
RI,814,30,7,2018,Mcomeau,22,RI,5,1,m,30,,,,,,,,0,0,
RI,815,30,7,2018,Mcomeau,22,RI,5,1,m,50,,,,,,,,0,0,
RI,816,30,7,2018,Mcomeau,22,RI,5,1,m,27,,,,,,,,0,0,
RI,817,30,7,2018,Mcomeau,22,RI,5,2,m,51,,,,,,,,0,0,
RI,818,30,7,2018,Mcomeau,22,RI,5,2,m,25,,,,,,,,0,0,
RI,819,30,7,2018,Mcomeau,22,RI,5,2,m,37,,,,,,,,0,0,
RI,820,30,7,2018,Mcomeau,22,RI,5,2,m,44,,,,,,,,0,0,
RI,821,30,7,2018,Mcomeau,22,RI,5,2,m,29,,,,,,,,0,0,
RI,822,30,7,2018,Mcomeau,22,RI,5,2,i,15,,,,,,,,0,0,
RI,823,30,7,2018,Mcomeau,22,RI,5,2,f,34,,,,,,,,0,0,
RI,824,30,7,2018,Mcomeau,22,RI,5,2,f,53,,,,,,,,0,0,
RI,825,30,7,2018,Mcomeau,22,RI,5,2,f,63,,,,,,,,0,0,
RI,826,30,7,2018,Mcomeau,22,RI,5,2,f,54,,,,,,,,0,0,
RI,827,30,7,2018,Mcomeau,22,RI,5,2,f,24,,,,,,,,0,0,
RI,828,30,7,2018,Mcomeau,22,RI,5,2,f,37,,,,,,,,0,0,
RI,829,30,7,2018,Mcomeau,22,RI,5,2,b1,70,,,,,,,,0,0,
RI,830,30,7,2018,Mcomeau,22,RI,5,2,b1,71,,,,,,,,0,0,
RI,831,30,7,2018,Mcomeau,22,RI,5,3,f,47,,,,,,,,0,0,
RI,832,30,7,2018,Mcomeau,22,RI,5,3,f,29,,,,,,,,0,0,
RI,833,30,7,2018,Mcomeau,22,RI,5,3,f,38,,,,,,,,0,0,
RI,834,30,7,2018,Mcomeau,22,RI,5,3,i,12,,,,,,,,0,0,
RI,835,30,7,2018,Mcomeau,22,RI,5,3,i,12,,,,,,,,0,0,
RI,836,30,7,2018,Mcomeau,22,RI,5,3,i,10,,,,,,,,0,0,
RI,837,30,7,2018,Mcomeau,22,RI,5,3,i,19,,,,,,,,0,0,
RI,838,30,7,2018,Mcomeau,22,RI,5,3,m,89,,,,,,,,0,0,
RI,839,30,7,2018,Mcomeau,22,RI,5,3,m,47,,,,,,,,0,0,
RI,840,30,7,2018,Mcomeau,22,RI,5,3,m,58,,,,,,,,0,0,
RI,841,30,7,2018,Mcomeau,22,RI,5,3,m,60,,,,,,,,0,0,
RI,842,30,7,2018,Mcomeau,22,RI,5,4,m,45,,,,,,,,0,0,
RI,843,30,7,2018,Mcomeau,22,RI,5,4,m,65,,,,,,,,0,0,
RI,844,30,7,2018,Mcomeau,22,RI,5,4,m,42,,,,,,,,0,0,
RI,845,30,7,2018,Mcomeau,22,RI,5,4,m,35,,,,,,,,0,0,
RI,846,30,7,2018,Mcomeau,22,RI,5,4,m,33,,,,,,,,0,0,
RI,847,30,7,2018,Mcomeau,22,RI,5,4,m,38,,,,,,,,0,0,
RI,848,30,7,2018,Mcomeau,22,RI,5,4,m,48,,,,,,,,0,0,
RI,849,30,7,2018,Mcomeau,22,RI,5,4,m,45,,,,,,,,0,0,
RI,850,30,7,2018,Mcomeau,22,RI,5,4,i,12,,,,,,,,0,0,
RI,851,30,7,2018,Mcomeau,22,RI,5,4,i,12,,,,,,,,0,0,
RI,852,30,7,2018,Mcomeau,22,RI,5,4,f,35,,,,,,,,0,0,
RI,853,30,7,2018,Mcomeau,22,RI,5,5,f,34,,,,,,,,0,0,
RI,854,30,7,2018,Mcomeau,22,RI,5,5,f,52,,,,,,,,0,0,
RI,855,30,7,2018,Mcomeau,22,RI,5,5,i,12,,,,,,,,0,0,
RI,856,30,7,2018,Mcomeau,22,RI,5,5,i,12,,,,,,,,0,0,
RI,857,30,7,2018,Mcomeau,22,RI,5,5,i,11,,,,,,,,0,0,
RI,858,30,7,2018,Mcomeau,22,RI,5,5,i,16,,,,,,,,0,0,
RI,859,30,7,2018,Mcomeau,22,RI,5,5,i,17,,,,,,,,0,0,
RI,860,30,7,2018,Mcomeau,22,RI,5,5,i,11,,,,,,,,0,0,
RI,861,30,7,2018,Mcomeau,22,RI,5,5,m,38,,,,,,,,0,0,
RI,862,30,7,2018,Mcomeau,22,RI,5,5,m,48,,,,,,,,0,0,
RI,863,30,7,2018,Mcomeau,22,RI,5,5,m,38,,,,,,,,0,0,
RI,864,30,7,2018,Mcomeau,22,RI,5,5,m,48,,,,,,,,0,0,
RI,865,30,7,2018,Mcomeau,22,RI,5,5,m,50,,,,,,,,0,0,
RI,866,30,7,2018,Mcomeau,22,RI,5,5,m,35,,,,,,,,0,0,
RI,867,30,7,2018,Mcomeau,22,RI,5,5,m,54,,,,,,,,0,0,
RI,868,30,7,2018,Mcomeau,22,RI,5,6,m,35,,,,,,,,0,0,
RI,869,30,7,2018,Mcomeau,22,RI,5,6,m,31,,,,,,,,0,0,
RI,870,30,7,2018,Mcomeau,22,RI,5,6,m,36,,,,,,,,0,0,
RI,871,30,7,2018,Mcomeau,22,RI,5,6,m,36,,,,,,,,0,0,
RI,872,30,7,2018,Mcomeau,22,RI,5,6,i,12,,,,,,,,0,0,
RI,873,30,7,2018,Mcomeau,22,RI,5,6,i,13,,,,,,,,0,0,
RI,874,30,7,2018,Mcomeau,22,RI,5,6,i,17,,,,,,,,0,0,
RI,875,30,7,2018,Mcomeau,22,RI,5,6,i,18,,,,,,,,0,0,
RI,876,30,7,2018,Mcomeau,22,RI,5,6,f,46,,,,,,,,0,0,
RI,877,30,7,2018,Mcomeau,22,RI,5,6,f,45,,,,,,,,0,0,
RI,878,30,7,2018,Mcomeau,22,RI,5,6,f,55,,,,,,,,0,0,
RI,879,30,7,2018,Mcomeau,22,RI,5,6,f,69,,,,,,,,0,0,
RI,880,30,7,2018,Mcomeau,22,RI,5,6,f,55,,,,,,,,0,0,
RI,881,30,7,2018,Mcomeau,22,RI,5,6,f,61,,,,,,,,0,0,
RI,882,30,7,2018,Mcomeau,22,RI,5,6,f,59,,,,,,,,0,0,
RI,883,30,7,2018,Mcomeau,22,RI,5,7,f,61,,,,,,,,0,0,
RI,884,30,7,2018,Mcomeau,22,RI,5,7,f,36,,,,,,,,0,0,
RI,885,30,7,2018,Mcomeau,22,RI,5,7,f,59,,,,,,,,0,0,
RI,886,30,7,2018,Mcomeau,22,RI,5,7,f,72,,,,,,,,0,0,
RI,887,30,7,2018,Mcomeau,22,RI,5,7,f,44,,,,,,,,0,0,
RI,888,30,7,2018,Mcomeau,22,RI,5,7,f,52,,,,,,,,0,0,
RI,889,30,7,2018,Mcomeau,22,RI,5,7,f,78,,,,,,,,0,0,
RI,890,30,7,2018,Mcomeau,22,RI,5,7,f,24,,,,,,,,0,0,
RI,891,30,7,2018,Mcomeau,22,RI,5,7,b1,69,,,,,,,,0,0,
RI,892,30,7,2018,Mcomeau,22,RI,5,7,i,15,,,,,,,,0,0,
RI,893,30,7,2018,Mcomeau,22,RI,5,7,i,12,,,,,,,,0,0,
RI,894,30,7,2018,Mcomeau,22,RI,5,7,m,46,,,,,,,,0,0,
RI,895,30,7,2018,Mcomeau,22,RI,5,7,m,47,,,,,,,,0,0,
RI,896,30,7,2018,Mcomeau,22,RI,5,7,m,47,,,,,,,,0,0,
RI,897,30,7,2018,Mcomeau,22,RI,5,8,m,52,,,,,,,,0,0,
RI,898,30,7,2018,Mcomeau,22,RI,5,8,m,25,,,,,,,,0,0,
RI,899,30,7,2018,Mcomeau,22,RI,5,8,m,38,,,,,,,,0,0,
RI,900,30,7,2018,Mcomeau,22,RI,5,8,i,19,,,,,,,,0,0,
RI,901,30,7,2018,Mcomeau,22,RI,5,8,i,12,,,,,,,,0,0,
RI,902,30,7,2018,Mcomeau,22,RI,5,8,f,22,,,,,,,,0,0,
RI,903,30,7,2018,Mcomeau,22,RI,5,8,f,30,,,,,,,,0,0,
RI,904,30,7,2018,Mcomeau,22,RI,5,8,f,42,,,,,,,,0,0,
RI,905,30,7,2018,Mcomeau,22,RI,5,8,f,48,,,,,,,,0,0,
RI,906,30,7,2018,Mcomeau,22,RI,5,8,f,60,,,,,,,,0,0,
RI,907,30,7,2018,Mcomeau,22,RI,5,8,f,32,,,,,,,,0,0,
RI,908,30,7,2018,Mcomeau,22,RI,5,8,f,39,,,,,,,,0,0,
RI,909,30,7,2018,Mcomeau,22,RI,5,8,f,32,,,,,,,,0,0,
RI,910,30,7,2018,Mcomeau,22,RI,5,8,f,37,,,,,,,,0,0,
RI,911,30,7,2018,Mcomeau,22,RI,5,9,f,38,,,,,,,,0,0,
RI,912,30,7,2018,Mcomeau,22,RI,5,9,f,36,,,,,,,,0,0,
RI,913,30,7,2018,Mcomeau,22,RI,5,9,f,42,,,,,,,,0,0,
RI,914,30,7,2018,Mcomeau,22,RI,5,9,m,52,,,,,,,,0,0,
RI,915,30,7,2018,Mcomeau,22,RI,5,9,m,92,,,,,,,,0,0,
RI,916,30,7,2018,Mcomeau,22,RI,5,9,m,43,,,,,,,,0,0,
RI,917,30,7,2018,Mcomeau,22,RI,5,9,m,74,,,,,,,,0,0,
RI,918,30,7,2018,Mcomeau,22,RI,5,10,m,62,,,,,,,,0,0,
RI,919,30,7,2018,Mcomeau,22,RI,5,10,m,30,,,,,,,,0,0,
RI,920,30,7,2018,Mcomeau,22,RI,5,10,m,50,,,,,,,,0,0,
RI,921,30,7,2018,Mcomeau,22,RI,5,10,m,51,,,,,,,,0,0,
RI,922,30,7,2018,Mcomeau,22,RI,5,10,m,35,,,,,,,,0,0,
RI,923,30,7,2018,Mcomeau,22,RI,5,10,m,27,,,,,,,,0,0,
RI,924,30,7,2018,Mcomeau,22,RI,5,10,m,74,,,,,,,,0,0,
RI,925,30,7,2018,Mcomeau,22,RI,5,10,m,25,,,,,,,,0,0,
RI,926,30,7,2018,Mcomeau,22,RI,5,10,i,11,,,,,,,,0,0,
RI,927,30,7,2018,Mcomeau,22,RI,5,10,i,19,,,,,,,,0,0,
RI,928,30,7,2018,Mcomeau,22,RI,5,10,i,17,,,,,,,,0,0,
RI,929,30,7,2018,Mcomeau,22,RI,5,10,i,8,,,,,,,,0,0,
RI,930,30,7,2018,Mcomeau,22,RI,5,10,i,15,,,,,,,,0,0,
RI,931,30,7,2018,Mcomeau,22,RI,5,10,i,22,,,,,,,,0,0,
RI,932,30,7,2018,Mcomeau,22,RI,5,10,i,23,,,,,,,,0,0,
RI,933,30,7,2018,Mcomeau,22,RI,5,10,i,27,,,,,,,,0,0,
RI,934,30,7,2018,Mcomeau,22,RI,5,10,i,9,,,,,,,,0,0,
RI,935,30,7,2018,Mcomeau,22,RI,5,10,i,15,,,,,,,,0,0,
RI,936,30,7,2018,Mcomeau,22,RI,5,10,i,12,,,,,,,,0,0,
RI,937,30,7,2018,Mcomeau,22,RI,5,10,f,34,,,,,,,,0,0,
RI,938,30,7,2018,Mcomeau,22,RI,5,10,f,46,,,,,,,,0,0,
RI,939,30,7,2018,Mcomeau,22,RI,5,10,f,29,,,,,,,,0,0,
RI,940,30,7,2018,Mcomeau,22,RI,5,10,f,32,,,,,,,,0,0,
RI,941,30,7,2018,Mcomeau,22,RI,5,10,f,58,,,,,,,,0,0,
RI,942,30,7,2018,Mcomeau,22,RI,5,10,f,65,,,,,,,,0,0,
RI,943,30,7,2018,Mcomeau,22,RI,5,10,f,26,,,,,,,,0,0,
RI,944,30,7,2018,Mcomeau,22,RI,5,10,f,31,,,,,,,,0,0,
RI,945,30,7,2018,Mcomeau,22,RI,5,10,f,24,,,,,,,,0,0,
RI,946,30,7,2018,Krobertson,27,RI,6,1,f,31,,,,,,,,0,0,
RI,947,30,7,2018,Krobertson,27,RI,6,1,m,35,,,,,,,,0,0,
RI,948,30,7,2018,Krobertson,27,RI,6,1,m,43,,,,,,,,0,0,
RI,949,30,7,2018,Krobertson,27,RI,6,1,i,22,,,,,,,,0,0,
RI,950,30,7,2018,Krobertson,27,RI,6,1,i,18,,,,,,,,0,0,
RI,951,30,7,2018,Krobertson,27,RI,6,2,m,33,,,,,,,,0,0,
RI,952,30,7,2018,Krobertson,27,RI,6,2,m,26,,,,,,,,0,0,
RI,953,30,7,2018,Krobertson,27,RI,6,2,m,28,,,,,,,,0,0,
RI,954,30,7,2018,Krobertson,27,RI,6,2,m,78,,,,,,,,0,0,
RI,955,30,7,2018,Krobertson,27,RI,6,2,m,79,,,,,,,,0,0,
RI,956,30,7,2018,Krobertson,27,RI,6,2,m,34,,,,,,,,0,0,
RI,957,30,7,2018,Krobertson,27,RI,6,2,m,60,,,,,,,,0,0,
RI,958,30,7,2018,Krobertson,27,RI,6,2,i,68,,,,,,,,0,0,
RI,959,30,7,2018,Krobertson,27,RI,6,2,i,23,,,,,,,,0,0,
RI,960,30,7,2018,Krobertson,27,RI,6,2,i,23,,,,,,,,0,0,
RI,961,30,7,2018,Krobertson,27,RI,6,2,i,14,,,,,,,,0,0,
RI,962,30,7,2018,Krobertson,27,RI,6,2,i,11,,,,,,,,0,0,
RI,963,30,7,2018,Krobertson,27,RI,6,2,i,18,,,,,,,,0,0,
RI,964,30,7,2018,Krobertson,27,RI,6,2,i,14,,,,,,,,0,0,
RI,965,30,7,2018,Krobertson,27,RI,6,2,i,12,,,,,,,,0,0,
RI,966,30,7,2018,Krobertson,27,RI,6,2,i,11,,,,,,,,0,0,
RI,967,30,7,2018,Krobertson,27,RI,6,2,i,23,,,,,,,,0,0,
RI,968,30,7,2018,Krobertson,27,RI,6,2,i,13,,,,,,,,0,0,
RI,969,30,7,2018,Krobertson,27,RI,6,2,i,22,,,,,,,,0,0,
RI,970,30,7,2018,Krobertson,27,RI,6,2,i,23,,,,,,,,0,0,
RI,971,30,7,2018,Krobertson,27,RI,6,2,i,16,,,,,,,,0,0,
RI,972,30,7,2018,Krobertson,27,RI,6,2,i,12,,,,,,,,0,0,
RI,973,30,7,2018,Krobertson,27,RI,6,2,i,18,,,,,,,,0,0,
RI,974,30,7,2018,Krobertson,27,RI,6,2,i,13,,,,,,,,0,0,
RI,975,30,7,2018,Krobertson,27,RI,6,2,i,14,,,,,,,,0,0,
RI,976,30,7,2018,Krobertson,27,RI,6,3,i,21,,,,,,,,0,0,
RI,977,30,7,2018,Krobertson,27,RI,6,3,i,16,,,,,,,,0,0,
RI,978,30,7,2018,Krobertson,27,RI,6,3,i,14,,,,,,,,0,0,
RI,979,30,7,2018,Krobertson,27,RI,6,3,i,12,,,,,,,,0,0,
RI,980,30,7,2018,Krobertson,27,RI,6,3,i,12,,,,,,,,0,0,
RI,981,30,7,2018,Krobertson,27,RI,6,3,i,23,,,,,,,,0,0,
RI,982,30,7,2018,Krobertson,27,RI,6,3,i,18,,,,,,,,0,0,
RI,983,30,7,2018,Krobertson,27,RI,6,3,i,13,,,,,,,,0,0,
RI,984,30,7,2018,Krobertson,27,RI,6,3,i,12,,,,,,,,0,0,
RI,985,30,7,2018,Krobertson,27,RI,6,3,i,12,,,,,,,,0,0,
RI,986,30,7,2018,Krobertson,27,RI,6,3,i,15,,,,,,,,0,0,
RI,987,30,7,2018,Krobertson,27,RI,6,3,i,12,,,,,,,,0,0,
RI,988,30,7,2018,Krobertson,27,RI,6,3,i,21,,,,,,,,0,0,
RI,989,30,7,2018,Krobertson,27,RI,6,3,m,28,,,,,,,,0,0,
RI,990,30,7,2018,Krobertson,27,RI,6,3,m,26,,,,,,,,0,0,
RI,991,30,7,2018,Krobertson,27,RI,6,3,m,38,,,,,,,,0,0,
RI,992,30,7,2018,Krobertson,27,RI,6,3,m,23,,,,,,,,0,0,
RI,993,30,7,2018,Krobertson,27,RI,6,3,i,25,,,,,,,,0,0,
RI,994,30,7,2018,Krobertson,27,RI,6,3,f,34,,,,,,,,0,0,
RI,995,30,7,2018,Krobertson,27,RI,6,3,f,65,,,,,,,,0,0,
RI,996,30,7,2018,Krobertson,27,RI,6,4,f,40,,,,,,,,0,0,
RI,997,30,7,2018,Krobertson,27,RI,6,4,f,61,,,,,,,,0,0,
RI,998,30,7,2018,Krobertson,27,RI,6,4,f,73,,,,,,,,0,0,
RI,999,30,7,2018,Krobertson,27,RI,6,4,f,56,,,,,,,,0,0,
RI,1000,30,7,2018,Krobertson,27,RI,6,4,f,51,,,,,,,,0,0,
RI,1001,30,7,2018,Krobertson,27,RI,6,4,f,34,,,,,,,,0,0,
RI,1002,30,7,2018,Krobertson,27,RI,6,4,m,30,,,,,,,,0,0,
RI,1003,30,7,2018,Krobertson,27,RI,6,4,m,33,,,,,,,,0,0,
RI,1004,30,7,2018,Krobertson,27,RI,6,4,m,35,,,,,,,,0,0,
RI,1005,30,7,2018,Krobertson,27,RI,6,4,m,34,,,,,,,,0,0,
RI,1006,30,7,2018,Krobertson,27,RI,6,4,m,28,,,,,,,,0,0,
RI,1007,30,7,2018,Krobertson,27,RI,6,4,m,58,,,,,,,,0,0,
RI,1008,30,7,2018,Krobertson,27,RI,6,4,i,25,,,,,,,,0,0,
RI,1009,30,7,2018,Krobertson,27,RI,6,4,i,78,,,,,,,,0,0,
RI,1010,30,7,2018,Krobertson,27,RI,6,4,i,24,,,,,,,,0,0,
RI,1011,30,7,2018,Krobertson,27,RI,6,4,i,18,,,,,,,,0,0,
RI,1012,30,7,2018,Krobertson,27,RI,6,4,i,24,,,,,,,,0,0,
RI,1013,30,7,2018,Krobertson,27,RI,6,4,i,22,,,,,,,,0,0,
RI,1014,30,7,2018,Krobertson,27,RI,6,4,i,20,,,,,,,,0,0,
RI,1015,30,7,2018,Krobertson,27,RI,6,4,i,18,,,,,,,,0,0,
RI,1016,30,7,2018,Krobertson,27,RI,6,4,i,14,,,,,,,,0,0,
RI,1017,30,7,2018,Krobertson,27,RI,6,4,i,11,,,,,,,,0,0,
RI,1018,30,7,2018,Krobertson,27,RI,6,4,i,16,,,,,,,,0,0,
RI,1019,30,7,2018,Krobertson,27,RI,6,4,i,23,,,,,,,,0,0,
RI,1020,30,7,2018,Krobertson,27,RI,6,4,i,10,,,,,,,,0,0,
RI,1021,30,7,2018,Krobertson,27,RI,6,4,i,21,,,,,,,,0,0,
RI,1022,30,7,2018,Krobertson,27,RI,6,4,i,9,,,,,,,,0,0,
RI,1023,30,7,2018,Krobertson,27,RI,6,4,i,11,,,,,,,,0,0,
RI,1024,30,7,2018,Krobertson,27,RI,6,4,i,23,,,,,,,,0,0,
RI,1025,30,7,2018,Krobertson,27,RI,6,4,i,17,,,,,,,,0,0,
RI,1026,30,7,2018,Krobertson,27,RI,6,4,i,14,,,,,,,,0,0,
RI,1027,30,7,2018,Krobertson,27,RI,6,4,i,10,,,,,,,,0,0,
RI,1028,30,7,2018,Krobertson,27,RI,6,4,i,11,,,,,,,,0,0,
RI,1029,30,7,2018,Krobertson,27,RI,6,4,i,9,,,,,,,,0,0,
RI,1030,30,7,2018,Krobertson,27,RI,6,5,i,23,,,,,,,,0,0,
RI,1031,30,7,2018,Krobertson,27,RI,6,5,i,12,,,,,,,,0,0,
RI,1032,30,7,2018,Krobertson,27,RI,6,5,i,11,,,,,,,,0,0,
RI,1033,30,7,2018,Krobertson,27,RI,6,5,i,23,,,,,,,,0,0,
RI,1034,30,7,2018,Krobertson,27,RI,6,5,i,16,,,,,,,,0,0,
RI,1035,30,7,2018,Krobertson,27,RI,6,5,i,21,,,,,,,,0,0,
RI,1036,30,7,2018,Krobertson,27,RI,6,5,i,36,,,,,,,,0,0,
RI,1037,30,7,2018,Krobertson,27,RI,6,5,i,13,,,,,,,,0,0,
RI,1038,30,7,2018,Krobertson,27,RI,6,5,m,38,,,,,,,,0,0,
RI,1039,30,7,2018,Krobertson,27,RI,6,5,m,46,,,,,,,,0,0,
RI,1040,30,7,2018,Krobertson,27,RI,6,5,f,24,,,,,,,,0,0,
RI,1041,30,7,2018,Krobertson,27,RI,6,5,f,52,,,,,,,,0,0,
RI,1042,30,7,2018,Krobertson,27,RI,6,6,f,25,,,,,,,,0,0,
RI,1043,30,7,2018,Krobertson,27,RI,6,6,f,33,,,,,,,,0,0,
RI,1044,30,7,2018,Krobertson,27,RI,6,6,f,48,,,,,,,,0,0,
RI,1045,30,7,2018,Krobertson,27,RI,6,6,f,26,,,,,,,,0,0,
RI,1046,30,7,2018,Krobertson,27,RI,6,6,m,28,,,,,,,,0,0,
RI,1047,30,7,2018,Krobertson,27,RI,6,6,m,24,,,,,,,,0,0,
RI,1048,30,7,2018,Krobertson,27,RI,6,6,m,62,,,,,,,,0,0,
RI,1049,30,7,2018,Krobertson,27,RI,6,6,m,28,,,,,,,,0,0,
RI,1050,30,7,2018,Krobertson,27,RI,6,6,m,64,,,,,,,,0,0,
RI,1051,30,7,2018,Krobertson,27,RI,6,6,i,21,,,,,,,,0,0,
RI,1052,30,7,2018,Krobertson,27,RI,6,6,i,12,,,,,,,,0,0,
RI,1053,30,7,2018,Krobertson,27,RI,6,6,i,13,,,,,,,,0,0,
RI,1054,30,7,2018,Krobertson,27,RI,6,6,i,9,,,,,,,,0,0,
RI,1055,30,7,2018,Krobertson,27,RI,6,6,i,18,,,,,,,,0,0,
RI,1056,30,7,2018,Krobertson,27,RI,6,6,i,14,,,,,,,,0,0,
RI,1057,30,7,2018,Krobertson,27,RI,6,6,i,21,,,,,,,,0,0,
RI,1058,30,7,2018,Krobertson,27,RI,6,6,i,13,,,,,,,,0,0,
RI,1059,30,7,2018,Krobertson,27,RI,6,6,i,10,,,,,,,,0,0,
RI,1060,30,7,2018,Krobertson,27,RI,6,6,i,20,,,,,,,,0,0,
RI,1061,30,7,2018,Krobertson,27,RI,6,6,i,13,,,,,,,,0,0,
RI,1062,30,7,2018,Krobertson,27,RI,6,6,i,17,,,,,,,,0,0,
RI,1063,30,7,2018,Krobertson,27,RI,6,6,i,11,,,,,,,,0,0,
RI,1064,30,7,2018,Krobertson,27,RI,6,6,i,21,,,,,,,,0,0,
RI,1065,30,7,2018,mouellet,27,RI,6,1,m,26,,,,,,,,0,0,
RI,1066,30,7,2018,mouellet,27,RI,6,1,m,29,,,,,,,,0,0,
RI,1067,30,7,2018,mouellet,27,RI,6,1,m,54,,,,,,,,0,0,
RI,1068,30,7,2018,mouellet,27,RI,6,1,m,43,,,,,,,,0,0,
RI,1069,30,7,2018,mouellet,27,RI,6,1,f,61,,,,,,,,0,0,
RI,1070,30,7,2018,mouellet,27,RI,6,2,m,77,,,,,,,,0,0,
RI,1071,30,7,2018,mouellet,27,RI,6,2,i,80,,,,,,,,0,0,
RI,1072,30,7,2018,mouellet,27,RI,6,2,i,16,,,,,,,,0,0,
RI,1073,30,7,2018,mouellet,27,RI,6,2,i,14,,,,,,,,0,0,
RI,1074,30,7,2018,mouellet,27,RI,6,2,i,15,,,,,,,,0,0,
RI,1075,30,7,2018,mouellet,27,RI,6,2,f,53,,,,,,,,0,0,
RI,1076,30,7,2018,mouellet,27,RI,6,2,f,27,,,,,,,,0,0,
RI,1077,30,7,2018,mouellet,27,RI,6,3,f,32,,,,,,,,0,0,
RI,1078,30,7,2018,mouellet,27,RI,6,3,f,40,,,,,,,,0,0,
RI,1079,30,7,2018,mouellet,27,RI,6,3,f,30,,,,,,,,0,0,
RI,1080,30,7,2018,mouellet,27,RI,6,3,i,24,,,,,,,,0,0,
RI,1081,30,7,2018,mouellet,27,RI,6,3,i,13,,,,,,,,0,0,
RI,1082,30,7,2018,mouellet,27,RI,6,3,i,25,,,,,,,,0,0,
RI,1083,30,7,2018,mouellet,27,RI,6,3,i,18,,,,,,,,0,0,
RI,1084,30,7,2018,mouellet,27,RI,6,3,i,23,,,,,,,,0,0,
RI,1085,30,7,2018,mouellet,27,RI,6,3,i,19,,,,,,,,0,0,
RI,1086,30,7,2018,mouellet,27,RI,6,3,i,21,,,,,,,,0,0,
RI,1087,30,7,2018,mouellet,27,RI,6,3,i,13,,,,,,,,0,0,
RI,1088,30,7,2018,mouellet,27,RI,6,3,m,34,,,,,,,,0,0,
RI,1089,30,7,2018,mouellet,27,RI,6,3,m,21,,,,,,,,0,0,
RI,1090,30,7,2018,mouellet,27,RI,6,3,m,26,,,,,,,,0,0,
RI,1091,30,7,2018,mouellet,27,RI,6,4,m,60,,,,,,,,0,0,
RI,1092,30,7,2018,mouellet,27,RI,6,4,m,35,,,,,,,,0,0,
RI,1093,30,7,2018,mouellet,27,RI,6,4,m,32,,,,,,,,0,0,
RI,1094,30,7,2018,mouellet,27,RI,6,4,i,27,,,,,,,,0,0,
RI,1095,30,7,2018,mouellet,27,RI,6,4,i,20,,,,,,,,0,0,
RI,1096,30,7,2018,mouellet,27,RI,6,4,i,18,,,,,,,,0,0,
RI,1097,30,7,2018,mouellet,27,RI,6,4,i,13,,,,,,,,0,0,
RI,1098,30,7,2018,mouellet,27,RI,6,4,i,26,,,,,,,,0,0,
RI,1099,30,7,2018,mouellet,27,RI,6,4,i,12,,,,,,,,0,0,
RI,1100,30,7,2018,mouellet,27,RI,6,4,i,21,,,,,,,,0,0,
RI,1101,30,7,2018,mouellet,27,RI,6,4,i,25,,,,,,,,0,0,
RI,1102,30,7,2018,mouellet,27,RI,6,4,f,45,,,,,,,,0,0,
RI,1103,30,7,2018,mouellet,27,RI,6,4,f,40,,,,,,,,0,0,
RI,1104,30,7,2018,mouellet,27,RI,6,5,f,39,,,,,,,,0,0,
RI,1105,30,7,2018,mouellet,27,RI,6,5,f,30,,,,,,,,0,0,
RI,1106,30,7,2018,mouellet,27,RI,6,5,f,27,,,,,,,,0,0,
RI,1107,30,7,2018,mouellet,27,RI,6,5,i,19,,,,,,,,0,0,
RI,1108,30,7,2018,mouellet,27,RI,6,5,i,28,,,,,,,,0,0,
RI,1109,30,7,2018,mouellet,27,RI,6,5,i,22,,,,,,,,0,0,
RI,1110,30,7,2018,mouellet,27,RI,6,5,i,20,,,,,,,,0,0,
RI,1111,30,7,2018,mouellet,27,RI,6,5,i,13,,,,,,,,0,0,
RI,1112,30,7,2018,mouellet,27,RI,6,5,i,12,,,,,,,,0,0,
RI,1113,30,7,2018,mouellet,27,RI,6,5,i,22,,,,,,,,0,0,
RI,1114,30,7,2018,mouellet,27,RI,6,5,i,12,,,,,,,,0,0,
RI,1115,30,7,2018,mouellet,27,RI,6,5,i,71,,,,,,,,0,0,
RI,1116,30,7,2018,mouellet,27,RI,6,5,i,56,,,,,,,,0,0,
RI,1117,30,7,2018,mouellet,27,RI,6,5,i,44,,,,,,,,0,0,
RI,1118,30,7,2018,mouellet,27,RI,6,5,m,29,,,,,,,,0,0,
RI,1119,30,7,2018,mouellet,27,RI,6,5,m,63,,,,,,,,0,0,
RI,1120,30,7,2018,mouellet,27,RI,6,5,m,36,,,,,,,,0,0,
RI,1121,30,7,2018,mouellet,27,RI,6,6,i,13,,,,,,,,0,0,
RI,1122,30,7,2018,mouellet,27,RI,6,6,i,25,,,,,,,,0,0,
RI,1123,30,7,2018,mouellet,27,RI,6,6,i,9,,,,,,,,0,0,
RI,1124,30,7,2018,mouellet,27,RI,6,6,i,12,,,,,,,,0,0,
RI,1125,30,7,2018,mouellet,27,RI,6,6,i,23,,,,,,,,0,0,
RI,1126,30,7,2018,mouellet,27,RI,6,6,i,22,,,,,,,,0,0,
RI,1127,30,7,2018,mouellet,27,RI,6,6,i,24,,,,,,,,0,0,
RI,1128,30,7,2018,mouellet,27,RI,6,6,i,23,,,,,,,,0,0,
RI,1129,30,7,2018,mouellet,27,RI,6,6,i,37,,,,,,,,0,0,
RI,1130,30,7,2018,mouellet,27,RI,6,6,f,58,,,,,,,,0,0,
RI,1131,30,7,2018,mouellet,27,RI,6,6,f,27,,,,,,,,0,0,
RI,1132,30,7,2018,mouellet,27,RI,6,6,f,26,,,,,,,,0,0,
RI,1133,30,7,2018,mouellet,27,RI,6,6,f,34,,,,,,,,0,0,
